,0
0,ETTTASGLVIPDTAK
1,GALNTPKDHIGTRNPNNNAATVL
2,DDPPATVYRYDSRPPEDV
3,TALGNLKQIYYYNEKAKTEN
4,TALGKLQDVVNQNAQAL
5,TSKLFPKMPGLPFI
6,MSLLTEVETPTRNEWECRCSDSSD
7,IMNSFVTDIFERIASEASRL
8,CCDLDPQARVAIKS
9,CCDLAPEARQAIKS
10,CCNLEPEARKVISS
11,GYGESRPVADN
12,QENSTYAVRNSN
13,QEPPAPQAPYQGYQEPPPPQ
14,SHQESTRGRSRGRSGRSGS
15,PGAKGLPGPPGPPGPY
16,IQVVGDDLTVTNPKRIAKA
17,LVFFAEDVGSNKGAIIGLMVGGVV
18,ILDSIGRFFGGDRGA
19,WRCVVYPGNGFVSASIFGFQ
20,WRGSNHSDQTII
21,MNPRNTVFDAKRLIGRKFSD
22,EQELNFPHEVLDDAA
23,KEGLQIGKDITTTEGEEKPIYADK
24,QRAKEALDKYELENH
25,SFREWEADPTNPALREEMRI
26,SAQSGTSGTSAQSGT
27,ADCLGHYGYIDLELP
28,ADAMSRLARLAPVYL
29,TFTVKVGDKELFT
30,AYLLTLKDTFFDRAK
31,YDTGATNQRHPPGERTRGRQPGDY
32,TKDDAMLLKGKGD
33,NPTPQEIPQPQWTPEEDQKAREAF
34,ELRPELSWLGHE
35,KKYRYYLKPLCKK
36,RWTGRCMSCCRSSRTRRETQL
37,SAAGDWIRRNVVAYW
38,KSHGRTQDENPVVHFFKNIVTPRT
39,LGQGPEFLIYFQGTGAADDSG
40,KVTLADAGFMKQYGECL
41,LEKDFLPLYFGWFLT
42,AFSDYEGKGVALQSS
43,VMSGEMPSTEDLVN
44,CSTLVEKDVAPKDELEMLAW
45,CNFASRNDYSYWLSTPEPMP
46,MWRVRKRGYFGIWSFPLII
47,QLPELKQKSSNSRKKRSTSA
48,VEFMRVPAEKIWKPDIV
49,GRRGQKAKSNPNRPL
50,LATRLMKKFKAEIRDFF
51,LLFKINGSKIDGSKILKT
52,IVQEEGTVTEEIIQGE
53,DMFTQRQVAEFKEGF
54,DLGQVFRRLTSAVNE
55,VPESGEDREDARQ
56,TRVRGALRGRGR
57,PPYEPLPENVKFYYD
58,EEGPVDEEIVQEEGTV
59,FFRSTPEDLERAEK
60,LLHALTFSGAVWMCTP
61,LTVGLTRRGQPRQY
62,NDYLHLLTQRGSVLRVELED
63,RLQMFDDPRNKRGVI
64,SLTVQTHGESTLA
65,SKAFKFARTPADTG
66,IRYFILPDSLPLDTL
67,EMNKLFEKTRRQLRENA
68,KIKIIAPPERKYSVW
69,HNKIQAIELEDLLRYSKLYR
70,CLFYASEMSEKGFKVIF
71,YGGIPGGISTPITQQSEK
72,MLGTGTPNRARINFNC
73,MASAARLTMMWEEVTCPI
74,MGCGCPQSSRGVKVD
75,YEVRAELPGVDPDKDVDIMV
76,AEPKSAEPKPAEPKS
77,GSSDTNDIDTKRARTD
78,GMEKAKEELLETLQIV
79,DYGEILTEKVEDLYKGVLL
80,EKIERNNKLKQPPPPPNPN
81,EKSLTSLSEVVLQNRRGLD
82,MLGNAPSVVPNTTLGM
83,NDGEERQSYWFE
84,RYKQKIIAPAKQ
85,QTVSALEDKLADYK
86,VHDSDLEHVLTPSTSWTTKILKFI
87,RNNHPQNTSDSQKECTDGNK
88,TCRRMLAFLKDKENR
89,GFPTELKPGTNQFLT
90,PVPSTPPTPSPSTPPTPSPS
91,VLVLFGFFTLSPWY
92,SVPSIPPDVSGFSITTSTDT
93,VQYSRADEEQQQAL
94,STGNLLTRLSSLKTPLNHKS
95,EFKKRFSDATSKAHQ
96,SSTLCFWFPLAH
97,FVKIQNLNPIHVIDLMQTHQHGL
98,KGQGQKAKMRCIPEKGH
99,LEKDNAMDRADTLEQ
100,ELIPSTSSAVPLIGK
101,GRENSRAEVSYVHVNGAKFI
102,GRFDEAMQDQIRQLE
103,SSILEDWNFGVPPPPTTSLV
104,RPPMGGHMPMMPGPPMMRPPAR
105,KTSKRQAVPVTL
106,GMLEASEGLDGWIHQ
107,GPIKNKMSESPNKT
108,PDRKAAVSHWQQ
109,AGETKPSSSLSIGSIISKSP
110,SPRRRRSQSRESQC
111,EINTEEEGTPDQISSLIEK
112,EINHVQDHALPKENI
113,NTWKSWKRVDNNTDG
114,TISFSCNTGFYLNGA
115,NLSELDRLLLEL
116,DIVMTQSPDSLAVSL
117,DIQMTQSPSSLSASVGDRV
118,SAETIFDVTTL
119,EDKLADYKRRMADA
120,KEGYKVRLDLNITLEFRTTSK
121,AYSNNTIAIPTNFSISI
122,TGTSTGGRQGSHHE
123,TITNDQNRLTPEEIERM
124,EKVDNLGRSGGDIIK
125,DRNLGIGNTGNW
126,IDFHYPNELLQEYNW
127,RILASYQEGVLKLSI
128,QQPQQTFPQPQQTFPHQPQQQ
129,QGDAKKGANLFKTRC
130,ATEGRVRVNSAYQDK
131,SPDAHVPFCFGK
132,MAFAGILNDADITAA
133,FKYFSKQYGITPGYIWEINTEKQG
134,VKSIDQFLYFDLIYSI
135,ITIMDNGNIDTELLVGTLTLGGY
136,LRAPSWFDTGLSEMR
137,SSKDCMGEAVQNTVEDLKLNTLGR
138,YQTELARVQKANADAKATY
139,YQVRNSSGLYHV
140,STTSLTEENFGKPDI
141,LDPYFNLVSPEVYNY
142,KYLTEMSRASDILSH
143,KGAGSSQDACIKFIQYEVDG
144,ASTNGLINFIKQQREARVQ
145,CDDDDDNDGVPDSRDNCRLV
146,VPPPRRKRTIQLDG
147,LKYNPSRVEAFHRYGTTVNC
148,CLSGICYKKITRGSS
149,SLKAVNPSDPLVYKRQTAKF
150,NKVLTVQTIDNALSKRNEK
151,NIQPIYVYPDDKNNLK
152,FILNTVNGTTRT
153,TAAQITAGIALHQSNLN
154,PHGPADAPPGSPAPPPPEHR
155,IPKPSPWAPKKHRRLSSDQD
156,KLGVWKSPTDMQSWV
157,TKVAEAEKQKAAEA
158,FGDFNLPRDKFLKEQIKLDE
159,VPWVVVDGKPL
160,IAHQFKEKVLGLLQRATQQQ
161,TIHAHPGSRRGGRHGYHH
162,VRSPAQILQWQVLSNTVPAK
163,YVFLPPEEEEKDKR
164,VRNYLLKHKNLYEFNSSP
165,DWYSPACGKAGCQTYKWETL
166,SRPGSTTPSGNSARYGNNT
167,SIPDLNHYPLIKGFK
168,SSTKSSSPSNVKSAS
169,ADLYKSFIKDYPVVS
170,ADISAHEDRLKDLNS
171,LSSEDLHKPGQVSVQLPGTNYV
172,QGVTAEITPQASTTE
173,PGYRSISGPDPRIRKT
174,GQVSIGDENSA
175,KMDTKPTDPTGIEP
176,GGNRYPPQGGTWGQPHGGGWGQ
177,IGRGNFGEVFSG
178,PYWKSDSIKKHVLI
179,DCSRFPNATDKEGKD
180,LDLGVDVRTYMPVHYKVLKA
181,GGSGGRRGRGRERARGGSRERA
182,GGGTGPADGTNATTI
183,SGAIYTCEGNVCISYAGKDSPL
184,GRHSAEYYNKQYLERTRAELDTA
185,GREKFTIRPHYGKEI
186,TRLSRTIGYTVKATTVR
187,SEAVSHRANETIYNTTLKYGDV
188,GKLIIDENIYYFDDNYRGAVE
189,GELAMRNIEARGL
190,EQNQEQKRAAQRAAG
191,IATPEQLQAAYEDGFHQCDAGWLA
192,IRQLESIVDKLNRSG
193,IRQLLWFHISCL
194,PDLTKVYSTDIFFILEITDN
195,GDINKVLEKLGYSGGDLLG
196,GDIVQQPSDETAAS
197,ERMDALENQLKEARF
198,SSEESGLPKLPVPPLQQTLA
199,GVRATRKTSERSQPRGRRQPIPK
200,SSQFDPNKQTPSGKK
201,PRGLSRVNAAVANRD
202,ASGEVPVKPSEG
203,ATSSNAGADPNTTNLRPTTYDTWC
204,FFTPKESEQLKVIKTFEGIL
205,YGCDVGPDGRLLRGHDQYAY
206,AGWILTELEQSATVMKS
207,GYRGRSSIRTGVKRPAVSKA
208,CVEWLRRYLENGKDKLERADPPKT
209,KGTMDSGQTKR
210,CHSTDSTTILGIGTVL
211,SDYTTTCTDVKQCRAY
212,RPVGREKYRHPPEHGV
213,MDKCSSIFNIVSNSLGFVIL
214,LAMTPLIPQSKD
215,KWINKKQGEFNKQKK
216,ASICQMFCFWRGDLVFDFQV
217,KKRPKPGGGWNT
218,DERQQEPEEPVSQRAS
219,MKNNPIYSEGSL
220,YDELLKRKENELF
221,DDSKLPIVKVEDKSKLQDTKDKKR
222,GSAGRTTAGLVGLLTPGAKQN
223,PPQGGVVTPGSGSG
224,RSFGSSSTSGITGD
225,KNGLENYAYSMKNTLSDSNV
226,KNHKNLLKIAQYAAQNRRGLDLL
227,KNHTSPDVDLGDISGIN
228,IVYEAADMIMHTPGCVPCVR
229,RNVEDIELWLYEVEG
230,PLATQPPVLAL
231,GSKIDGSKILKTEFNNNS
232,ATDKEGKDVLVCNK
233,ELLVLRQKHSEPSRF
234,ELPTAFDYVEFTRSL
235,ELRPAVVHGVWYFNS
236,DEYCSPDHNCQSNCKDSGEG
237,ILSRLDKVEAEVQIDRL
238,TPPHSARSKFGYGA
239,THTPLPRGIGY
240,KPSYQFGGHNSVDFEEDTLPK
241,TEIPTYGTDEWEQWW
242,KPSTLYKMTVEAVK
243,KRRMGLTEFQAVKEM
244,LEEMKSVMKERDNLR
245,TIITRDIARDPDKLRKIAEN
246,LHPGSVNEFDF
247,LHPERVNVFDY
248,SSPYWKFQHDVNFTQEVSRLN
249,EVCVRQLKAIANK
250,LHNNEAGRTTVFS
251,GKYTTETFATNSYTFSYIAQE
252,QVAALTWVQTHIRGFGGDPR
253,TSRNNPFYFPSRRFS
254,GTKSLEPCTCGAVD
255,KVTAFQHQNSKKTTK
256,TAEELEAIKHQLNPKDNDVEL
257,DVNVVTQARNRPTTL
258,CMENNSGWKVSLNYGEIIW
259,FVAQNKIDSLNLD
260,EYEKWVKDPYQPTRAVSLD
261,VLAEAIYTEGLR
262,YLKGPRGSVMTTNIYLNSS
263,SFHDGINNNGAIK
264,RSFSQNPPVLKRHQR
265,RASANLAATKMSECVLG
266,LQDSGVHDVAVISEAQAATA
267,KEGVCGLRSVSRLEHQ
268,FKRSYEEHIPYTHM
269,FKADEKKFWGKYLYEIARR
270,FVRFDSDAENPRMEPRARWMEREG
271,EMRTRIRYNRRS
272,NERIEYNTQSNYIENDFPI
273,NIFEYQVDAQPL
274,ICLACRKRRKRCMRHAMCCPGNYC
275,GTGGRTGYIPLGGRSNTVVDV
276,NHVRIPIGYWAV
277,NHVADIDKLIDYAA
278,LVFEAPNQEKVSDYE
279,NLRPCEQHLMQKIQRDEDSYGRDP
280,MTKDCHLLGTFDLSGIPPAP
281,NQSLDLAEQELVDCASQHGC
282,CKAEGSFDHKAFFTK
283,DCFRKHPEATYTKCGSGPWL
284,KKGSSGYCAWPACYC
285,ELNDTDSSAATKKTAAWNSGT
286,VNLFNYKYSLNNMEE
287,EGNTDERGTPEYNIALGQRR
288,EKPAVLGHDEAAYSKNRRAV
289,ELHEKVSSHPIFKQ
290,PQPGYQPPPPMEHALP
291,PQQCGLRAPQRCDLEVESGGRDRY
292,HTYARFGIEIQVQINPTPFQ
293,KSTAKDCTFKPDFEMTVKE
294,PGGPDRFTLLTPGSH
295,QALIDQKVKEISNQ
296,NPDDITQEEYGEFYK
297,VKTIGDKRTLTLNTTANYT
298,VTWEVLEGEVEKEALKKI
299,TAADTPTATESISPSPP
300,PVRVAWSSPVQNCEPWIPP
301,FLAEAELLNLRKISS
302,FIRGVVDSEDLPLNI
303,FIPRRAPFDLFENKK
304,DYEKQINKLKN
305,EWQVAAENSDDTKFK
306,VAQYKALPVVLENA
307,VHRFREGDLIAV
308,IHPSFVLTAAHCLRD
309,KVLTTGLPALISW
310,HHPSTNQEQTSLYVQAS
311,DKEGIPPDQQRLIFA
312,NPKGKGEVQEPNQ
313,VRYMYDIDNNGFLDK
314,RGQRTKTNARTRKGPRKPIKK
315,PRKAFQLVELAKEAMY
316,LKVIDTNCINVIQPDGSYR
317,LIHAGHRLYGIAINPNRVF
318,FYFPSRRFSTRYGNQ
319,EYETDPSVTKMV
320,DFEDVWNSSYG
321,VRRLAMENNIKLSEVVGSG
322,RHVKNYHSRSESTIE
323,PALELIRMVECSGK
324,CEQVLRLAVVTSTEGIHQLQ
325,EGSTDVDEPLEVFISAPRSE
326,YRPLGPGTPPMRARLPA
327,EEVRKLKARVDELERI
328,SVTDLNVQRKAIHELIQVMAELS
329,LIVPEGARTSLN
330,PALDKLKLTGDEATGA
331,CVTIMTVDNPASTTNKDK
332,WTANGDYKSKGDKPVYEPGF
333,AFASNRTFDITVSGLGTAPK
334,RDEYDHVLSAKLAEQYDT
335,IWYINCFGCETHAML
336,KEEGSRSNLGWL
337,NEDEQIGARIVLKALSA
338,DETVPQSVREAFNNL
339,QVMSRSANEGYD
340,EVVTGSPRGDSQSS
341,ERPLKQIAFNGGLEP
342,SLWARRENGSVKWFC
343,VPKVTKEKPTPPVKPTAPTK
344,NGNATPQLTKNA
345,SNPPHGLPSTLRWFFNLFQLYRG
346,SNNVQIVRQQSYSI
347,HIWQSDGITNCLPRG
348,RDHAMVPLEEAAQEYQEK
349,RGVKVDCCMRDKCNG
350,RHASDSQTTTCLSGICYKK
351,QTSGSTTPGPTTTT
352,IPKVPPGPNITA
353,QDIVLHLEPQNEIPVDLL
354,PVSDLNLKIDGL
355,NSDKLYIWGVHHPSTDKEQTNLY
356,NNIARMRLYDPNQAA
357,VIISINGQSVVSANDVSDVI
358,NSKNPVPVKKEAKLSEAEL
359,YGCLEGDTHKANPSPEPNMHEC
360,NNGLYDIYADDFITDTSTTP
361,YRVNLKFLPNETTSN
362,KILPEVKEKHEFLSRL
363,WCVAENQYGQRATAF
364,VAGLSGCSSNKSTTGSGETT
365,LDSMTEVEDDREPS
366,PYKELRLEVGKQRLKYAQEE
367,KTSLWKEMQYNRDI
368,KQRLRSGSASPMELL
369,HGKVVDAVDRAKEAAK
370,SDEALPLGSPRCD
371,GKTLAEVKALTTELTAENQE
372,SPLTVEWRARSESAQSKM
373,ETTLLEDRILTTRNG
374,CATRLFPDFFTRVAL
375,AFRFGHATIHPLVRRLDAS
376,LLDTSNLELPEAVVFQDSVV
377,MVQIITYRDYLPLVL
378,ESVLQAQMAAQQLPVIGGIA
379,STLGNDSLRTYNDKDLL
380,ERCCNELNEFENNQRCMCEALQQI
381,CFEIKCTKPEACSGEPVVV
382,IFSGFTPEFLEQAFQ
383,GSLLQDTALYLVDGM
384,GSRDCVIPVEQARSFVERLR
385,DSEPFPRQKHKKVD
386,NYAHWHYSIVARYFH
387,RFSNEGEAKCGSDKI
388,YTTGAVRQIFGDYKTTICGK
389,VTCRYDKDADVNVVT
390,CPFDTSPVVKGKYNTTLLNGSAF
391,VPPRPLNLINFQRMI
392,VNNLKEISQEAREGTQGE
393,VIIVLERSESWNLKDLDI
394,LECKICNFKTCPTDELRH
395,LELLQEVIIVLERSESWN
396,AIIEVDNEQPTTRAQK
397,NYEVAYRGILQR
398,NGTDRKTIRQLVWDAM
399,RVNAANKKPEDLTLNDLETD
400,QGFPFYDKPMRI
401,AKLTLVLTKCGSQIL
402,YAAQNRRGLDLLFWEQGGLC
403,VAESDGVDEDRAAL
404,TFGAASNKAFAEALSTEPKG
405,FDGREAADAFSPEIV
406,KFPSESRPNVVK
407,NNTRKSIHLGPGRAFYATGDIIG
408,KPNLSSKRSELSQLSMYRVF
409,MDVFMKGLSKAKEGV
410,IQLQVVQATDKLVMH
411,HDYVPYDRGENFAF
412,TLSKNISKSGEVSVELND
413,SQGWGDPPKSNQSLG
414,GYQCKMMAFMGLCCPTK
415,IQRIPSLPPSTQTLKLIET
416,MAVPAFSDIAKSANDLLNKD
417,LRHGKLRPFERDISNVP
418,IEEVALGHEGEIPF
419,EGGPSQIGDALGFAVR
420,VVDAEVVDDDRESK
421,IASGLSQERNFVDSI
422,FDVSFEVKVGGLKQYYRLP
423,PQQPISQQQQQQQQQQQQQQQ
424,DVPYVKRVKTWRMH
425,NELLQEYNWELADQP
426,TKGRILTVEDHYYEG
427,KARRSEGRSWAQ
428,RGQYSRASWEGHWSP
429,QLPNVGITQGIV
430,CTIPAQGTSMFPSCCCTKPSDGNC
431,RCLLGFKEVGGKCVPASI
432,CPSKKPYEEVTC
433,HEGKAYFPREGV
434,TDSRKISHSCTHPFH
435,PPPPSSPTHDPPDSDPQIPPP
436,SDDDDEDSQENADKNEDGGEK
437,DVVDGMNFNRGY
438,NGDGNPREVIEDLAANNPAIQNI
439,FQGLCNETLTLKLYNNGFTS
440,FSEEKLVFSLRLMEEN
441,FSPDGKPCTPPALNCYW
442,QPKVDANADEEAEAVGEDDL
443,QKKTENPCAQRCLQS
444,GPYTGPLERQKPLK
445,ANGWGVMVSHRSGETEDT
446,HNTPVYKLDISEATQVE
447,VRNVELGPEKKDKKDDP
448,SGLQAEDEADYYCSSY
449,SFDSSNPEYFDGYWGYS
450,SEGTGQALASPGSCLE
451,PTPSDNPFSKLYKETIETFD
452,VTSDAQIFNKPYWLQRAQGH
453,KIQPSEPRDSAVYFCA
454,SIFYTYGTAPARISVPYVGI
455,AYKSAEGATPEAKYDDYVAT
456,LCSEYRNTQIYTIN
457,SSEEIAANIREEMRR
458,VSGFISFFKNPFGGM
459,EKKDRVTDALNAT
460,EEVTCPICLDPFVEPVSIECGHSF
461,CTASNKNRGIIKTFSNG
462,VNTFVASHKPRGVTHDQLNNF
463,HDWDPLHSPNGRSPK
464,MLKYDENGTITDAVDCS
465,EANSKLAALEKLNKELEESK
466,AKLFKDYSSVVRPVED
467,MNALVNSTLLETRTT
468,LIGLLAIAGIRLHRAAIYTAEIHK
469,KNTTTTQTQPSKPTT
470,LQKRMQQLENDLDQV
471,LLKANIQLVEKDKAL
472,LLEEDLERSEERLNT
473,LKEARFLAEEADRKY
474,ANYGYTFGSGTRLTVV
475,ASDVVKKMVGETVESA
476,NGGRAYIVLSIPDLN
477,NDDISDVGKAYKKAG
478,TATRLLSSTNSRLC
479,KSGKKGNSADLTSPE
480,EVFKDLFDPIIEDRH
481,EDVPQPPVSQFH
482,EDYVEGPSKRPRPSIQ
483,FKKYNDKLPLYISNPNYKVN
484,AKKAGAAKAKKPAGAA
485,NTTIIDGAGEKEAIAKRINVIK
486,KVLSPLQDNNDSGH
487,SQWGWCGSTDEYCSPDHNCQ
488,AEEGSLDEGAVEEDPDKEGD
489,AEEDRKRREEADVRNQAE
490,IQTAIVTRPIITTAGPSDMY
491,DTGCAIDISRQELRCG
492,FTTKVIGKDSRDFDISPKV
493,MGVGVELENSMGGLNFGRSYFD
494,LSDKYKNKNIDLFGTNYY
495,DKGATLTIKKEAFPAESKS
496,DKKSTAAVILTPTENHFTL
497,YSTDLGRMLLTSIVRGIPF
498,WELQGDRRCQSQLER
499,IAIVERRNNLLQAELEEL
500,RSSEMPELTSMHTLL
501,VNSDTVGWSWPDGAELPFTID
502,GPTEESVERAMGRVA
503,RLFKHLFGGYNRWARPV
504,LPFNWTHCFDPQ
505,SEYPSQPPSPSN
506,LDDYNLEDVWQFMKVRLMTEQE
507,ECPEGYILDDGFICTDIDE
508,ETFTETWNRFITHTE
509,DGKTLVSKKVTS
510,DSGVICGRMTCSPTEEENLLH
511,DGKNAKDRKEAWERIRQAIPR
512,YPISKARPNCGGNLL
513,GMTHMTSRDIEVQGFRI
514,VCEKLCNEKLLKKARIHPFHI
515,YIGVAPRKAIPA
516,GYKYLGPGNSLDQGEPT
517,GRGDSVVYGLR
518,GAPPNGAPPPPVDP
519,SRKAYDHNSPYIWPRNDYDG
520,RSTGWGGYFVVGYNF
521,MKTLLLTLVVVTIVC
522,FDAGAGIALNDHFVK
523,YWPPPQGRRRF
524,GVLAGQASQLNA
525,GSGPRHRDGVRRPQKRPSCI
526,AVILNDNFVTKATAL
527,VMLNRRAINDETSYCIRITWS
528,KITQTQKDSKNTTVIVREIV
529,LQPETTDLYCYEQLNDSSEE
530,KERASRVKARMLTI
531,LKKEKINIRVLDPFT
532,GGVEHRLNAACNWTRGERCD
533,TRNKWERARYAERLRAYLEGTC
534,MLSKYSLPIVEEPEDYKEAS
535,ISGKPGPPPMGFHSPLIK
536,AEGLTTTWKDYDHNLQ
537,LKVIRKNIVKKMIE
538,MAVPETRPNHT
539,KPKAAKPKKAAAKKK
540,IDISDISGKQVTGEVIFQT
541,GRILDWHVANTDKKS
542,NLSSLELGDSALYFCA
543,ADNMELNDGRLIEKTCMY
544,IILKALYMLSTRGR
545,GDICNTMHYTNWTHIYICEE
546,EDMLARQKAAGINYGSWIND
547,MTEQQWNFAGIEAAASAIQG
548,FGSKSPFFRKYF
549,EPVDGVVLVDPE
550,ELNVTVVTFFCRPHN
551,EEKNNINFNIDDLSSKLNE
552,SHRTATAAEELA
553,VTIPGEGCNGDG
554,NQSLAFIRKSDEL
555,DVEPKVKSKKREAVAG
556,DTPYLDITYHFVMQRLPL
557,ALMLPHFNSKAMVIV
558,DDQTYSIPSLFV
559,DDRHKIVNVDQRQYGDVFKGD
560,ELMALHTGQSLEQIER
561,ELQIAKDERYGS
562,KSNKESEDGKDYSMIM
563,ELERIRRSILPYGD
564,NVFQTQAGCLIGAEHVD
565,FDKALKALPMHIRLS
566,DLWGGSLSYIGFTNF
567,KFFNSNKKKRDDFEKL
568,TPTVAPPAPVYRDHSEKKEL
569,MRGFIFTRHSQTTANPSCPE
570,AVRGSDRDGGADGMS
571,ICYKTFWNTHRGLRI
572,DNNYGKTIINNDFNF
573,TSIRDKVQKEYALFY
574,RDDITFMVGLHSYT
575,RDEVTFTVGLNSFV
576,FCVDPTKGGKKAAR
577,TKLYQNPTTYISVGT
578,KVTNGSKSYTLRYLASYVK
579,KNGDVEASAITTYVGFSVVYP
580,PISLLFNEKEADDNDHEPQI
581,PISLVNLSTASSAPPTRVRR
582,RFQEAANKQKQELDEISTNIRQA
583,VIGIINNTVYDPLQPELDSF
584,VIGHEYFHNWT
585,APILYAVWAEAGFLA
586,TNKLKAAEARAEFAE
587,TTQETVTTQETV
588,PSDKHIEQYLKKIKNSIS
589,KVQTAGIVTPYDILKQELDEF
590,GKVLLGEEEALEDDS
591,LRRTQSMGIQLDQ
592,STNPKPQKKNKRNTNRRPQDVKFP
593,YGEEYGNLTRP
594,VMTVEIRKQNMTEFMELWSQ
595,TRNSSKPAKRKKIKA
596,VTVTFMLVWLINHHGWSVAQ
597,GRGFAQRQQLDNRA
598,GRRVTQYCSHACAIP
599,RWLPPVYEDGFSQPR
600,PPNSGGVNTIQLYQTKTAQ
601,KMGDYGEVTVECEPRSGLN
602,TRNTGQPATDHYYSNV
603,GCKITCFLTAAGYCN
604,TRVPMDAFQVGKFPEDFESC
605,LGGDILFGWERTREDGVQEY
606,ILTVSVAVSEGKPTEKHIQI
607,HSWYNDLLVDFDSKDIVDKY
608,FQSFPSGEPSNSKLSGFFQS
609,DKENYKKFYEAFSKN
610,ATGKPPQYIAV
611,ASSLGGNQDTQY
612,PQYIAVHVVPDQLMAFG
613,KLLCGLLAERLRI
614,GFLSELTQQLAQATGKPP
615,RAGFITELSEFI
616,SDMYGLIVAQWLSTVNTQF
617,SDPPLVANQVVTCPDKKSTA
618,PQPPHHQKWPFPTTPMA
619,VKNKRTFLSPWISNI
620,GPEETGPEETGPEET
621,VRVFQATRGKLSSKCSVVLG
622,AEIERMVREAAKYEA
623,LSYPSHCCAFKNQKKIRGIL
624,CWAFSGVAATESAY
625,GNNNDSTGSSDV
626,NSELLSLINDMPITNDQKKLMSNN
627,KIEIKASIDGLEVDVPGIDPNACH
628,CDGKINYTDKKVCKVP
629,STHTMPQWVRKIFIDTIPN
630,FTEVGYTRAEGL
631,AKLVTILQAHPLQQSYD
632,KQISSQLTEEWS
633,KDISQLTQAIVKNHKNLLKIAQY
634,RSSRPLSEENGEREYN
635,TNYTCCKLQRHEWNK
636,DQPKQYEQHLTDYEKIKEG
637,KNDPELDQQLANLDLNSEK
638,CNEKSFKDILPKLTENPWQ
639,KIWKAPHVAKYFDDQ
640,SKKTKDLVFTKE
641,IIPRHLQLAIRNDEELNKLL
642,YGNAEDKEYQQGVGRFPNEKEQ
643,VEQKHIQKEDVPSERYLGYL
644,TNTSGFANKTQDVLLVAQYQ
645,ALLDPSQGMGPSLIGLAMGD
646,DLVEYIMNYTGNQQSRWGLGSPNC
647,DLVKFISDKIKFLNP
648,DIIKGNDLVHDEYTKYI
649,DANKKACCAIRGSFYD
650,DLMNEVLNKMDKKYSA
651,TFTNPVVSTTQWSAP
652,LDTNGGTGTAIV
653,LDTNYEVSDETVSDNNKWAV
654,RMEVGQQAVEVWQGLALLSE
655,TVVSNGAKNISGQSP
656,DIHTRSGDEQQFRR
657,FITDTSTTPVPSVPSTSLSG
658,EGLRQAIEQQQSQGQ
659,MVITQDCDTCHSPAS
660,PDPSSRYDAICYTGE
661,LTTDATTFEEVATAEKLV
662,KVSASQEIVQDGSVTE
663,GDQAWKDVNPNGI
664,PTPLSPPLRNTHPQA
665,LLISQAEAALENLVILNAAS
666,TPKSDEFNPCEDIMGYKFLR
667,TYDQIQKRFEGATPSYLS
668,SGASAQSGTSAQ
669,PESFDGDPASNTAPLQPE
670,AAILEEDDSKDDMEF
671,FVPCSICSNNPTCWAICKRIP
672,VDPVIDLLQADGNAL
673,VDQHNATEICRLIKLC
674,GRGRGRGRGRGRGRGRGRGGPRR
675,GEENRITIPVQTFSN
676,PFFPFHSPSRLFDQF
677,PFDLFENKKKKNNIK
678,PELGGKYYFRGDLGG
679,PVYQQQPVQQPS
680,SSQRGRSGSGNF
681,TVSTEQNVPDPQVGI
682,DKKTEETTLLEDRIL
683,GVPQPAPVAAPARRTRKPQQPE
684,RLIGRKFSDPVVQSD
685,LVPEVNASDPLA
686,SEGAEYDDQTSQREKEDDK
687,SDDPSPGAIDSNNS
688,GITGETTTTEYSNARYV
689,LTLHFEGRNYEASVD
690,ALRCRRISKEEYHLYKDGHL
691,LMPMNMAPITGRALE
692,KLDVVKLLYNEQFAVQGLLR
693,MILHPDVQRRVQQEIDDVI
694,TFSPRRHETVQDCNCSIYPG
695,NKFLNQCSVSYLMNSMIPY
696,WFDFYGYIDAPVFFG
697,SAASCNGFLYFVIF
698,EDHAGTYGLGDRK
699,QIGYYRRATRRVRGGDGK
700,QIGNTVTPTVTFTMDGDTMT
701,VTNEVHTWTEQYKFQ
702,DQVHFQPLPPAVVKLSDALI
703,GGSKTSLYNLRRGTALAIPQ
704,MAARLCCQLDPARDV
705,PHLVEALYLVCGERG
706,VLAESQPDPKPDELHK
707,YSNNFGKFFEITPEKN
708,LSKGHAAPILYAVWA
709,DVSESEESLSDDFFD
710,IMELNLPTGIPIVYE
711,LVEEAIAYGRKLGGS
712,LNFGQTGDADSV
713,LNFKGRWLRDRL
714,RFADIDTVIHA
715,QQQQFNRNVEDIELW
716,KNEGDLVAQKEEFEY
717,RRWQQRNTPFY
718,TCLANKYRPITGACN
719,RKRNGVDVDPNKGKWKEHI
720,GGAHFSVSSLAEG
721,FLMHAPAFETAGTYL
722,LDASREAKKQVEKDLANLTAEL
723,CDIENNPGLCYASQM
724,AEANQKLDDGARAALLTQAHDLA
725,VVQAMYVPPGAPNPKE
726,TDWDVKGGGSPLYRHGD
727,ISNELNHILLENDMK
728,NNNLTLVPAVVGKPGSDV
729,IPCTTYQQTTAETVEEIDMH
730,SRKSYKKMLKEMGEVAPEYR
731,NNRNRLTKLFRYKSSRSESE
732,TMSPISIADRDFGIDIPNIPQ
733,SKILKTEFNNNSLSDKYK
734,SCSLLFMLNGNPKPEQLN
735,PACYCYGLPDSVKIW
736,PADAQSDCKILCFVSACNDF
737,RFAKYQQQGRLEAR
738,VRESNTTECDSKIIGT
739,DEDKRDGNNEDNEKLRKPKHKKL
740,VLQQSTYQLLQELCCQHLWQI
741,QRDFDLADALDDP
742,TSEEFQVKETSSGT
743,FIEWLKVKILPEVKEK
744,LMDAAVDVFADG
745,SPSDLYSPGSWDPITAALSQRAM
746,LSADFTPGTEYT
747,YMFQYDSTHGKFHGT
748,YMTEPIDEYCVQQLK
749,YNEATGGNYVPRAVL
750,VYVPPRRQQLCLYELF
751,VPLDGKTITNNQRI
752,SFVTRRYLSQLC
753,DDEHVEEPTVADDEHVEEPTVA
754,CFGGRMDRIGAQSGLGCNSFRY
755,EQIKTLTNKLKAAEA
756,RSKFGYSAKDVRSL
757,LSKCDFTQMSQYFKA
758,ARGAQGPPGATGFP
759,ARGHRPLDKKREEAPSLRPA
760,STDDYASFSRAL
761,WDQKLWCRHFCVLAD
762,LSIIAEQSNSTVDNQK
763,FKKWKKGEKVSRGCA
764,PKNTLTPLEELYPTN
765,RQEEEMKKAAEELAKLKEEFEK
766,PTADSPLTASPPATAPGPSA
767,RRPIWIMGHMVNAIG
768,FPELKPGESRHTSDHMSIYK
769,GYPTFGEHKQEKDLEYG
770,LSPCQEKKGFICKME
771,KKTKDTKPVVKKEERQNVN
772,LVRSDYKFYEDANGTRDHKKGRHT
773,SIVSLVEETSFIDAGAPTSVP
774,SIVSLIEESAIINAGAPEVVP
775,NPNEPSNPNEPSNPNEPS
776,NTNSGPDDQIGYYRRATR
777,TDDRINASDWPSMKS
778,MDAIKKKMQAMKLEK
779,GWYRPPFSRVVHLYRNGKDQDGD
780,YCYGLPNWVKVWDRA
781,QYTGHITWTPPAIFKS
782,RMARMARKAGNFYVPAEPK
783,VKQMYKTPTLKYFGGFN
784,VVHVETHRCNISWEIS
785,WEISQASHYFERHLE
786,KYFPEVKTKGMAAVPKL
787,GRTWAQPGYPWP
788,YEFQVRVKPLQGEFTTWSPWSQ
789,QLELPAVTPEDDGE
790,APPPISGGGYRARPAKAAAT
791,TGGVYHFVKKHVHES
792,LGKQVKKAVVTVPAYFNDSQ
793,ELSEGSVWEAMAFAS
794,QYYRLPMNAYRDFTSEPLNS
795,ILSALEIPDVGNLSQVVVM
796,GYKGVAFPLPTDAGVATATGTK
797,LFNNMEELIKDGSSK
798,KVGNFTGLYSSTVPIFNPEWQTPS
799,SRGNHVSPTHYVPESDAAAR
800,SRGTSMDDEADR
801,RTGESVEFVCKR
802,ASSAFKAPRPGPETLQFT
803,DELAKIAQTWANQCDFNHDD
804,SSEVAVLYQDVNCTDV
805,ADQELGDAPFLDRLRRDQKS
806,DVDKPPFDGMTACGNEPIF
807,DVDGINYWTKAITGGGEFTD
808,DVCSDSDNDGVCDNV
809,QIEKQAKDLAFPGSG
810,QYGLEKRDNGHQGE
811,ISKQEYDAAVTAK
812,IFVEEVSASQEIVQNE
813,YLYKNGELDEREYNFSMNALNRS
814,ANDHLSILEAWSDNDTPYLHD
815,KEEIERMVQEAEKYK
816,SYSEVGDVNVEE
817,KAQLQDLNDRFASFI
818,KAPSQKGNEMNHFSNWGLTS
819,RKVIGHLAHGNLEYKHPYLEDR
820,SKAVHADMGYWIESE
821,MLTPINEEADPLDDADDETS
822,PTTAPQTERMMRINWKKWWQV
823,QPFWLLQGGASRAETSVQPVLVE
824,QSIQQSIERLWCRLWPLPFP
825,ALHQVFGAIYGAAFSGVSWT
826,TNDTDQLFPERFEGFFNEAYC
827,EMPENYAKTRIINRKK
828,CVFKDWEELGEEIRLKV
829,KPHFLLATEDDVRHHFTP
830,DVRHEIPVLPNR
831,LETLQIVAEREAYYLW
832,VKEVISQLTRVHGTS
833,WGNGCGLFGKGSIDTCAKFA
834,WGLNWDLGLSQWAREALQTGITL
835,SAATSSTPREAPYELN
836,GGDNHGRGRGRGRGRGGGRPGAPG
837,KEAWLDSTKAT
838,SHHFQSHGQLSDHPHALSSSSS
839,YRFKVKYFVPLTDLW
840,RNTIMASKTVGTAE
841,MFSGGGGPLSPGGKS
842,EEVIDTMKSMQRDED
843,SEWTNVDIQPARSWGTYV
844,EAPKSHSISNNEQLINELND
845,CIPTEYTMHIERRECAY
846,KKSDFSSFEDSD
847,ADITAALAACKAEGS
848,KKENAANVNGTVGADALLTLGYR
849,QEDLLVLWGIH
850,KKEFLNSYEDEFSSE
851,VNNTLSTDIPFQLSKYVDN
852,YDDDDDIPFPGPINDDDNPG
853,YDFAEAKSGSSIPAK
854,SILFAPELANNTFVVD
855,GLCNMYKDSHHPART
856,GSYNRSSFESSSGLV
857,LLPSRRGDQLTL
858,NFENAFEIAGASILLEFIP
859,LLQAHRQLEER
860,NSDNIKENQFEDFDEDWENF
861,EQQYNKPLCDL
862,MTDYQKIQQGFRQNNREMIKSAF
863,TSPPLLWDSVHL
864,LRGMAKDGKFAVKD
865,HEQQLVTARQKLK
866,SLLAAFDQWREWADS
867,DSSNDVADRVKWKPS
868,APPPPAEVPEVHEEVH
869,GNDITTANQYDAADIIRN
870,IKRMISSYVGENAE
871,KFYTDPVEAVKDIPN
872,ANNQKIMRNLWNEIA
873,DLLALSADQALQPPCPNLVSYSS
874,DPNAPPPPPADPNA
875,CEKEFGISASSCKCDN
876,ASHVSIFAMVIGLIGSIAACVA
877,SSIVYEADDVILHT
878,NQIAVDEIRERLFEQ
879,EAEVQIDRLITGRLQSL
880,EAESISSSEEIVPNSVEQKH
881,QQIEGYYKRDMATGRRLKEPV
882,QQEKNEQELLELDKWASLWN
883,GAAPTTSDVAGLEKDPVANVA
884,MSGLEVSFEELRTFGGHDA
885,DPWIQLMNRTQANLA
886,GPPGGVTEGIIARVADTVGS
887,GPPGEVMGRAIARVADTIGS
888,GNGQGHNMPNDPNRNVDENA
889,ADIGDIVRGRDMFKP
890,RSLPPIVKDASIQVVSAIR
891,MDRPTSMKALDH
892,MASMTGGQQMG
893,HSASQDGQDTIRGHPGSS
894,HSGIGHGQASSAVRDSGHRGYS
895,SETNKNPTSHSNSTTTSLNNN
896,CKEDYRYAISSTNEIGLLGAGGLT
897,TLRGVTSFFSPGASQKIQLI
898,SKGEVVNVTDYKND
899,VEGMQFDRGYLSPYF
900,DNENHATVSDSKLV
901,QPVQQPSGQQQQ
902,GEGAVQWMNRLIAFASRGNH
903,TLFENQNGRIRLLQRF
904,KKVIAVSKDVKPIYLNGEEGNKDK
905,FNSKAIVILVINEGDA
906,AKAVYQQFVEFYEKVTGTDL
907,GFNEPNGNLQYQ
908,GGPDGEPDVPPGAIEQGPAD
909,YTHFAKAARFRR
910,TDELNQQRDDITRAI
911,TVKTKNTTTTQT
912,IKISHFLKMESL
913,DEESYEVFKDLFDPI
914,DEFPDLSAHNNHMAK
915,IMGNWENHWIYWVGP
916,PLVESWKRPDYQPA
917,INYTGASMNPARSFG
918,VATEEVKITVDDKHYQKALN
919,MSTRSVSSSSYRRMFGGPGT
920,RDETVRAAPYDWRLEPGQQEE
921,FAIVKFTKVLLQYTGH
922,TAVRVPVPQLQPQNPSQQQPQ
923,KRKPYNLKLGCNWQFIPKDEGWTE
924,TYTEHAKRKTVTAMDVVYALKRQ
925,KTNLKHVAGAAAAGAVVGGLG
926,YEVRNVSGVYHVTNDCSNSS
927,YIFSEEAQVKDVPVVT
928,APVEHVVADAGAFLRH
929,AFLPVGAFNSDNFKSKGRG
930,HGKSRIALTNSVNEALLNP
931,HARLRDSGRAYLPFVPPRAP
932,DMSPYEAYKRGIIDRGQYLQ
933,SDHSRNGFDTDS
934,SQGISDDDNDSAVAEFFQSF
935,EKLNNLLEGNDSDNDLSLEDF
936,ADQPGNHQALAEPV
937,EKLCVWNNKTPHAIA
938,EKLALRNEERAIDELKKQAIEDKE
939,EPLEPFPTQIHKDYK
940,ERTLPGQKACDDVN
941,ENPEWAPLKDNRIPSYGVLSVDL
942,LTYLRGISTKVTVGNIV
943,DSGSRTPPDELALS
944,KAGDSDGDGKIGVDE
945,NLINFQRMIQCTTRRSAW
946,TVDKRSTTRDALDAG
947,HEYHNWLRSPFSRYSATCPNVLH
948,NSKRNPIAKITSDYQ
949,PEDDWASDYDLAQA
950,AQAGGPDGAAAGGG
951,DLAKSRGVEAARERMFNGE
952,AGQRMPRARYGLV
953,GMDVAASEFFRSGKY
954,YTCIVCIDRASLSTWHVLYSP
955,RSVPTSTVFYPSDGV
956,RCRLCDEGHGLE
957,ASPTGYDWRADW
958,VAANNAKNTEIAAANEEIR
959,VLETSMAEFTSTNVIS
960,HVTNDCSNSSIVYEAADMIM
961,PPPYAPNPGPPPPYTGA
962,IELRFVLTKLRVI
963,IGLDPVAPGDLTMVI
964,GAKRHRKVLRDNIQGITKPAI
965,TIMPFDLSIYTNDTILIEM
966,YSPSRSFSYFYPFRL
967,KGIYQTSNFRVVPSGDVVRF
968,KDGVIGKTDLRGTFD
969,KEMQDGILELIKIEK
970,PVRDPRQVPGRGE
971,LSNSSTLDLASINLQ
972,MATTEYRLSLMEQFIRAFIE
973,WTTPDTSPNCRIDQD
974,LRPGPVSQPYHHWDTDK
975,LRPTFDTRLMRLEDEMKEGR
976,TTFHQTLQDPRVRGLYFPAGGS
977,VSAHRKAQKAVNLV
978,PLVQQQQFLGQQQPFPPQQPY
979,FPVIPGINIEQKNACS
980,FVGVGADYRHASCPIDYIIA
981,VSATMSGVTTSLRFP
982,VSAKNALESYAFNMK
983,SELRSPKCQCKA
984,RCGLQELGPGLFRGL
985,QPFRPQQPYPQPQPQYSQPQQ
986,INCYTEGQCVPKPA
987,GEIDLPLKGTTNPN
988,INEYTTGPSTPCPS
989,VTYGKNQVIMLLYPD
990,VTRFYGARSSSA
991,SEGGDEYVTKGEVVETD
992,KPAIRRLARRGGVKRISGLI
993,DVTRIESDSKVIVL
994,IRGILESLMCNESSMQSLRQ
995,HPLTCDDPRFQ
996,ESDEAPFMFSENKFL
997,ITVHTGDQHQVGNET
998,ITVNPIVTEKDSPVNIE
999,VQIINKKLDLSNVQSKC
1000,QPHDLGKVGEVIVTKD
1001,ENFSTSFWIRIPKYFNSIS
1002,PTSGDKIDMTPRAGVLMLE
1003,DEENRKRIEARNSLEN
1004,KLAKNLLQHYWNNGN
1005,KLVLVVFDLKTGSLY
1006,SAKLDNARQSA
1007,ASSNSAQGSDESLIA
1008,PAFRANTANPDWDFNPNKDTWP
1009,KQLLTYIEGAYARTRTT
1010,GKALCWVCAQSRKHRDHAMV
1011,QHGHLTTSSQELERYTFNP
1012,FGNDTITCTTHGNWT
1013,LTSTVICRWRVLGWK
1014,ILQWQVLSNTVPAKSCQAQP
1015,QAKLEAEAKALKEQLAKQAE
1016,PPTDPKTHPHGPADAPPGSP
1017,MWCKIGHDRCEE
1018,WSIHASGAWMTTEDMLDV
1019,STPPLPWPWSPAAL
1020,AHETSLNAAGNSVIHYTNIN
1021,YLLFCMENSAEPEQSLVCQCLVR
1022,AHFTDEFKRKNKGKDLSTNL
1023,QVAEFKEGFQLMDRD
1024,TTTTTKTTTTT
1025,SNRKEMTQFLEEWLN
1026,ILDGDNLFPKVAPQAI
1027,SNMCYVVCQYGPA
1028,AGAAKRKASGPPVSEL
1029,LTSGHLKCRVKMEKLQLKGT
1030,NQEAAKEEYEHKQKELESVC
1031,IAIGGAATGIAAVLTDGNPP
1032,RPTSPSSGSRPTYPS
1033,ADVTITVNGKVVAKPC
1034,ETLGALASAIKETFEEGTC
1035,RGNQGFPWDILFPADPPFSPQSC
1036,LGSISESRRALQDSQR
1037,GAGGTAGGSAGGSAGGSAGG
1038,PQAQNAPQVENAP
1039,ASKEKQENKIFADDIDISD
1040,ARTKQTARKSTGGKAPRKQLA
1041,AVALREYRKKMDIPA
1042,YEPYYHSDHAESSWVNRGES
1043,YEQLNDSSEEEDEIDGPAGQ
1044,GDQSTDYGIFQINSR
1045,GRDPYSPSQDPYSPSQDPDRRDPY
1046,TDQMEVDSGPRKRPLRGG
1047,VLLTEAPLNPKANRE
1048,KAALIEEGQRMAEM
1049,KAAPKRAAPKRAAPKKAAPK
1050,KAANYQYNYLRDGEQVTA
1051,VSRFAISYQEKVNLLSAV
1052,FVGTWKLVDSKNFDDYMKSLGVGF
1053,CYCYGLPDSEPTKTN
1054,RTALNCNDSLNTGFL
1055,DLASINLQRGRDHG
1056,VGPAASDTAAWMVGVDPEGANINS
1057,TAIGVWGARHASDFLSATAK
1058,GTGALASSAPST
1059,CQALVRMLAKKPGWK
1060,RVFPRGTVENPDKARELLNK
1061,EDSDARILAAAVWYYSL
1062,IIPKVEGKTIADQILQYGSM
1063,EVHGNAEVHASFFDIGGSVSAGFS
1064,PNCRIHSDNDCKFTL
1065,LEAKICHQIEYYFGDFNL
1066,LAKLGGAGQAARAGT
1067,KKAEDAQKKYDEDQK
1068,TPCAAEEQKLPINA
1069,KRGSGKDSHHPARTAHY
1070,MDKVLNREESL
1071,NSSNYCCELCCNPACTGCY
1072,KLKKVINALSGIDLSH
1073,LGTDGSHYWSKNWAK
1074,RGIHVDIIIDRSHSKLTFKQ
1075,LPAMSTTDLEAYFKDC
1076,AGGGSGSADDVVDA
1077,NFQLQLTEPPSKSQPQVKVTK
1078,PFFFSDVRSNFSKLV
1079,KTIINNDFNFDDYNY
1080,GWRTPEDRSDPDACTISKDHG
1081,KLIVCGMTSNGFTIADPDDRGMLD
1082,MAAWSERAGEAMVLVYYESIAYSF
1083,QGREQLTCTQEGWDF
1084,QGSIALRQEQIDNQY
1085,LESVCNPIMTKMYQSMGGAA
1086,VFSGFDADFLADAFN
1087,LGATSPSAPPLPPVVDLPQLGLRR
1088,EELNKTKPIWTRNPD
1089,SEFAYGSFVRTVSL
1090,NDATYQRTRALVRTG
1091,PSTRWTELDDVKRLLKGSRSA
1092,PNKKPGKKTTTKPTK
1093,VPRNAELGDRKGKIHIPF
1094,DLMMIEEYPYVVIL
1095,EMLADAPAPINFTML
1096,SPLLGCIGSTCAEDGN
1097,VAVMSYSGYDIEDAL
1098,KPKDELDYENDIEKKICKMEKCS
1099,GFKVRPSFSFFAVGPDGMP
1100,RGGSRERARGRGRGRGEKRP
1101,PIDNASYRLISCNTS
1102,PLCTTNTKEGSNICLTRTDRG
1103,PILPIQPTGDRHKQPLVAPAKQLL
1104,EHSPFDGIVLVQCTEHLLKHMTQS
1105,IEAGAIGFKIHEDWG
1106,RPADKTRHKFPTNINKQ
1107,DSAFDVLSFTAEEKAGVYK
1108,QVYLHGDKTKPMILT
1109,FHRDITFRKLYLKRKL
1110,EKPAKTYDDAAS
1111,EIIDQDKSDFVEEDE
1112,HCQICHCDVVNLTCE
1113,VGAKVSDEIWNYNSP
1114,CNWTRGERCDLEDRDRSELS
1115,QQQLVPQLQQPLSQQPQQTF
1116,APEDQSPETRRLLDRLSR
1117,LPWDPQELDILG
1118,SGIIESGVQNIDDNYFY
1119,VVQEALDKAREGRT
1120,TGKGIDDANKKACCAI
1121,SLIAWQRSNAEFEQNLENAQ
1122,TVPGGGTTYIRAIAALEGLK
1123,VYTREESDSKFVRID
1124,VIAHELAHQWF
1125,GDVPEAVENAVARVA
1126,AMELKVEDPFYWVSP
1127,TGAGGGGSNSVKSMWSEGATFS
1128,DLDASREAKKQLEAEQQKLE
1129,GFKYFAPANTLDENLEGEA
1130,MENITSGFLGPLLVLQ
1131,MENATTINETLVEEVYNMTMSYFE
1132,GLKAKPKFTLGKRKATPTTS
1133,CGGPPCNIGGVGNNTLTCPT
1134,STDNNNTKTISTDNNNTKTI
1135,IAYCADCGAGHSCHSPVAIE
1136,VEFDLPGIKADSLDI
1137,AVAKCNEKHDEEFCD
1138,GRLGTYRYVSSGER
1139,KATYEAAVAANNAKNAALT
1140,KATPPAAPATKWSKEYCGYY
1141,VKFPGGGQIVGGVYLLPRRGPRLG
1142,CIPIPSSWAFARFLW
1143,TESTVSSALAELAT
1144,VADKILDLYKHPDNIDVWL
1145,EVQSLRSNDSGVYRC
1146,GEYGEVTVDCEPRSGIDTNA
1147,IEFQQKNNRLLEITREF
1148,WMLRAAEEYSMNLGF
1149,GGFVQFVTSTRNA
1150,EIDGKQTHQSVAISR
1151,REREREEDWRQPRED
1152,RLVEHLLDPSRYNKLIR
1153,RPEPKKPWSGVWNASTY
1154,LEIANAHRKPLVI
1155,GPPPPGMMPVGPAPGMRPPMG
1156,ANGAGNQPGANGAGGQAA
1157,QILDAHAAYLNATPAAKVLV
1158,IGETLGEKWKSRLNA
1159,ASFEAQGALANIAVDKA
1160,KKAVTKAQKKDGKSAAHRKE
1161,KNIVTPRTPPPSQGKG
1162,FHTSGYDTQAIVQNN
1163,GLFQINNKIWCKDDQ
1164,VETEDTKEPGVLMGGQ
1165,PAPSGCPPDSDAES
1166,IDIISGAHWGVMFGLA
1167,SEEYKRLDEDLAAYC
1168,RALLGLAVCLFLMALCT
1169,TVVQRQFSEVWKPSPQVTVR
1170,LVCASRELERFAVNPGLLE
1171,DALVAKAQEVS
1172,LVAGSNGYPNYRHQADVCHA
1173,LDLERDARVRAERNANEMSI
1174,LDELSGTSSQTHDAIRRKDME
1175,VTLGPKGRHVVI
1176,KQAGDNFPYLVAYQA
1177,NRKVKPTTEGGVETE
1178,YGHGSLELLADVQ
1179,SQPNTEQSPAIVLPF
1180,MGQHPAKSMDVRR
1181,SAQSGASAQSGA
1182,SFEKTADHLFDAAYF
1183,ITKGKSQKSLGD
1184,GTDGVTYTNDCLLC
1185,GQCKWVNGREICNDRDRPTA
1186,WASLWNWFDITN
1187,ISESQGNEEDERNL
1188,GGHWGAWMPSSISAF
1189,ELMFEEQKDRHGLKRVNKMT
1190,FNNFTVSFWLRVPKVSASHLE
1191,PMQFLGDEETVRKAM
1192,AEMKSLEEKIGCLLK
1193,TGVYEDLLAAGVA
1194,KGAFWYRNCHRVNLMGR
1195,GVTSAPDTRPAPGSTA
1196,TTQATLITSPFTFSYIREDD
1197,LRIAGKRLEGRSKTW
1198,LRGISRSLHGIWPEK
1199,HKYSWKSWGKAKIIG
1200,DPPPPNPNDPPPPNPNDPPPPNPN
1201,IPVLGTFALVSYIANKVLT
1202,PAKLLKERGFFGAIAGFLE
1203,MEGLTAKVFRTYNAS
1204,PPSMVKHPEKALFTFKQV
1205,HVATAASRDSQVVR
1206,STRKEEKQRNGT
1207,STDHPKYSDMIVAAIQAEKNR
1208,TYKAPQDANYFRNVS
1209,THHINNMKPSFTRENT
1210,DDDKLEQIRRDYTSGA
1211,RPQKRPSCIGCKGTHGGTGA
1212,RVTAAQGRIYTR
1213,RTNTTQGKVPSQ
1214,RLRSSVPGVRLLQDSVDFSL
1215,DSIAALKDKPDNPAL
1216,EWSGHDVTEIPNRRMF
1217,KHSMVDRGWGNGC
1218,YNDDEPNGAIRFTMG
1219,YSNGGPFLTPIVPTAD
1220,FSRGVGHYTQMVW
1221,LSADQISTVQASFDKVKGD
1222,VYDEELQMHILRGPLH
1223,NMAINPSKENLCSTFCKEVV
1224,DVLEKIATGIYNQEK
1225,VYATRSSAVRLRSSVP
1226,EVVETDGKKKECSS
1227,EASPQAWWDESQ
1228,ETQICKAKAQTDREDLRTLLRY
1229,LMNKIREEYPDRIMN
1230,DGDFAIVHMTKLLLDYTGKI
1231,GSNDDLWHQWKRMYNKEYN
1232,GSKTLAGPKGPITQ
1233,IEFRDSDAESSDGEDFIVEE
1234,IYLKNVLKPDEKIH
1235,IRSLVLQTLPSMCNVYVPPECS
1236,APPRLICDSRVLERYLLEAK
1237,YDNIYIILKQKFLNKLNEIIQNH
1238,ELVRAERTEHEYVYDVDQR
1239,VYFCASSFSTCSANYG
1240,YNQNLIRHVGGGTPR
1241,TDSSSDSQTITN
1242,SKLGALFQPDSFVHG
1243,RRGTALAIPQCRLTPLSRLP
1244,DWVCSILTDFKNWL
1245,AAVPVLAFDAARLRLLE
1246,RFVKTPSKKKTKSR
1247,DDNGTEEWRCLLGYKKGEGN
1248,DVCEYYDPDYLNT
1249,GVGSSAVILDDNFVT
1250,LFNLWGPAFHERYPNVTITA
1251,KSNAATSYINAIINSKSVSD
1252,LCCQHLWQIPEQSQCQAIHNV
1253,TAGKQSLKQDPDKF
1254,KANADAKAAYEAAVAANNA
1255,WTQTDDETKYESHGMHVTGI
1256,NQSLGWGDSSKPVSS
1257,GKQSLTKLAAAWGGSGSEAYQGVQ
1258,DIKVQFQSGGNNSPAVYLLD
1259,EECQLPSLKIFIAGNSAY
1260,DQQTQIAKDTAQT
1261,KVKDTCQGYNNSGYR
1262,DSDVGEFRAVTELGR
1263,GNVTPRVSYAHG
1264,PKTSEILDISPCAFGGV
1265,NINNIYELAQQQDQHSSDIKTL
1266,NINILKNEGDLVAQK
1267,SGTEEILEKVSASQEI
1268,TSSTPPSGTENKPAT
1269,YNPLYGSRLGVPDTLGGDPK
1270,DFLTISPKLLGELLQ
1271,DATTNPSLILAAAQM
1272,KKTTTKPTKKPTFKTTKK
1273,MVNINDTDTWIPKGCNE
1274,ALYTDEDLLFDLEKQK
1275,VNGENLVGDDVVLAT
1276,IREQYDQVLSTKLAE
1277,IEDFWQTTQGMHEI
1278,YDASVHGQIGAALL
1279,GSITRDSIFRLR
1280,MDEEEDGAGAEESGQPRSFTQL
1281,RFLCFGSEGGTYYIK
1282,ASLEDAKKEGPYDVVVLPGGNLG
1283,QFLGVPYAAPPLAERRFQAP
1284,LGGYMLGSAMSRPMIHFGNDW
1285,RLDRCLKAVRKERSKESDDN
1286,FRGETKTFNPEEVSS
1287,LKKTLQPGKTSTGET
1288,VAHFQGSLPEVPAYNASEKYPS
1289,VAHDASGKRVYYLT
1290,TPNATQPELAPEDPE
1291,TPNISIPQQTSSRTILF
1292,DEYSNQNNFVHDC
1293,YEKKNENKNVSNVDSKTKSNEKGR
1294,WDNQGLLHKLQNDSDCGTWIRK
1295,CEPANPSEKNSPSTQYCYSIQ
1296,STEGPSSGGKKRIN
1297,PNEEYTWEEDPLAGI
1298,RPGRPRGETPGQLLLEIMP
1299,EVFLISEDLKTPINITNSNS
1300,GARAMVTYDCEPRCPYVGAD
1301,DVESYSSMPPLEGEPGDPDL
1302,YWEVDVTGKEAWDLGVCR
1303,CHGIFTLTWEIWGY
1304,IYRLRGRAHVQVVDS
1305,KIIGREILDSRGNPTVE
1306,PNRVFKVNTNAYYEMSGLE
1307,DQVDVKDCANNEIKKVMVDGCHGS
1308,AMTPTVATRDGKLPATQLRR
1309,KVDNAETIKKELGLSLTEP
1310,MLKRNKIYFMQRQD
1311,RQESTSSTNYDTSTT
1312,RISGVGIDQPPYGIF
1313,LTKFSPGLQTSQTCP
1314,FSKWRKNHMRQKSNK
1315,KLLTLVQLTLQS
1316,RRGRSPRRRTPS
1317,RYLQEKYNLYNSDVFDGKVQ
1318,DVSFDDNANPEYTYH
1319,RYLSQLCSGGYT
1320,LPLPLVQSWMHQPPQ
1321,NGWGAPTKEESTYNWLP
1322,AWVLWLQAWQVAAPC
1323,AVNRVPRSGKPAELL
1324,MDMCSAGWLADRSVR
1325,SSAPSTAVAQSA
1326,GPPPPIDNGDITSFP
1327,SKDNGWEKDDNVSKS
1328,SGEPTSTPTTEAVESTVATL
1329,SERYLGYLEQLLRLKKYKVP
1330,YTKWIEIQRKQFDKQ
1331,LVAAGVDYEDERISFQDWPK
1332,NRISHVPAASFRACR
1333,YINNSDCHLTCSKYK
1334,NNLKSLEVSEEKANQ
1335,NTWTTCDSIAFPSK
1336,GDDMDPELRGLAQA
1337,GDDPLLGNQSLL
1338,LEDRDRSELSPLLLSTTEWQ
1339,CDLIPNLKLNNG
1340,FPFNASDSVGQQIKVIP
1341,TTLGAGSTGLTF
1342,AKSIDLKDKYKNI
1343,GRQTVKENKGTRIR
1344,PTGIPIVYELDKNLK
1345,TTSTGPCKTCTTPAQ
1346,KGAGKLFGKAGAAA
1347,KDDQIAAAIALRGM
1348,PLTGMSKEVQQKLID
1349,TLLAGAYTISKLITQ
1350,RQDENYEEAIVHLKVAALGS
1351,RWFREKVSPAVFVSREGQEQEGE
1352,EVVKANGGYLAAGKL
1353,AKVEAKEESEESDEDMGFGLFD
1354,DVDMVFASFIRKASD
1355,DWICEVLSDFKTWL
1356,STAIHADQLTPAWRIYSTGNN
1357,SESDEEFDDGSNDETDDKEDEGNS
1358,ILKKVLEALKDLINE
1359,ADLVAAQKLATKP
1360,ESQAYYQRGASVILFSSPPVI
1361,SAEEKGTGKRNQIVL
1362,QQINHHWHKSGSSIGKAFTT
1363,MPTPDATTPQAKGF
1364,QHDVNFTQEVSRLNINLHFSKCG
1365,CGPKLSTDLIKNQCVNF
1366,WDIDLMGYAQLRRKC
1367,DRCTTFDDVQAPNYTQH
1368,EENISLDLIQQYYLTFNFD
1369,RLLQRFNKRSPQLENL
1370,SFHSEFEEINRVLFGE
1371,ENAYEYLKHNGLETE
1372,KMQAMKLEKDNAMDR
1373,VPNTNIKLYVRRVFITDEFR
1374,DIRTLEDLLMGTLGIVCPIC
1375,DGVGDVCQDDFDADKVVDKI
1376,MSTLQELQENITA
1377,SSIVIPAAVGIKLNVTEDA
1378,MRNLWNEIAELADFN
1379,VFPKDKEGRALQKFLGTIR
1380,FTYEEPNDGEER
1381,DGGHITGGRAAGVA
1382,LHPTQESTKEQTTFPPRWTPN
1383,TYDNECLLCAHKVE
1384,EPGQLKLNWFKKGSS
1385,EAEEWYKSKFADLSEAANRN
1386,LKVREDENNPFYFRSS
1387,QPHGGGWGQPHGG
1388,YVFYSGNGPKASGGDYCIQS
1389,PSNCHTHEGGQLHCT
1390,CLAVLWVVKSTPAS
1391,CQEPGGLVVPPTDAP
1392,DEMARHLQEYQDLLN
1393,YLEQLLRLKKYKVPQLEIVP
1394,KDIKANPENYFT
1395,TMPFSPDFSNVD
1396,KLDDTENASAYAANA
1397,DAEFGHDSGFEVRHQK
1398,LDKYGVSDYHKN
1399,SSTTSKVPPSPGGE
1400,TLEHRFKEIPDEQLAV
1401,GQRVEFLVQAWKSK
1402,GQSFQNTWEGQAASA
1403,FTPFYYQSSRTR
1404,QALRDAGYEFDICFT
1405,TVGLAQQWDQLDQLG
1406,RIHMVYSKRSGKPRGYAFIEY
1407,QKLSERRANAVRDV
1408,QKLQKEVDRLEDELV
1409,DTAGQEQQYDV
1410,LLFVGVGLFLLPAR
1411,LDNIKDNVGKMEDYIKKNKT
1412,DCNFCRQMTGASLKKGSYPL
1413,SIAPDLSLDFEKLNV
1414,KGMSYSMCTGKFKIVKEI
1415,HGRVGIYFGMK
1416,GLINRAKAVKQFEESQG
1417,DHARHGFLPRHRDTGIL
1418,CGTAKRVTGNQAV
1419,DKIEDMAMLTFLHEPAVLYNLK
1420,ASNSSRLHTCQRH
1421,SQERNFVDSIGQSFQ
1422,SGVSWTMKILIGVIITWI
1423,RVQYEGDGSPCKIPFEIM
1424,SKLIKIFQDHPLQKTYN
1425,EAVRRHARAYNATVI
1426,ENKGTRIRFKDDTS
1427,NITRVESETKVVVL
1428,VTTVTTHNNPTFTDPSVLQP
1429,DKLCKDKKADSGYCY
1430,AICKRIPNKKPG
1431,SALLVREEGLMQNC
1432,GGAGAGGGAGGAGAGGGAGGAG
1433,YPFMWGGAYCF
1434,YPFRLPIKGVPIELQ
1435,SKVEQEETNPEVLIKDLQDVAS
1436,CSNNAITPGDC
1437,LSNAIFVDQLRKELN
1438,PRGEGDTFKGKLHVPF
1439,PLVEHKHRTLILHLYP
1440,APHRVLATVYNGECRYSRNA
1441,VVTIVCLDFGYTTKC
1442,APIDTCISECITPNGSI
1443,MDRADTLEQQNKEAN
1444,LFPTSTSLSPFYLRP
1445,LFEYDLLPFLSSTIS
1446,LFIKAIEDAVALGADVINLS
1447,MKIRLHTLLAVLTAAPLLLA
1448,FEFWDWVGGRYSLWSAIGL
1449,IQAIYKTLPQSVKDELEKGI
1450,IQKAQKIQAIYKTLPQSVKD
1451,SGKVPWLKPGR
1452,GRALQASALNAWRGQ
1453,SGDTLLAPFYMPNHKLDKNTRDY
1454,SGDTQLNPFVTPNFKLDKTVRDY
1455,LHQPPPQIFLKILPQSGPIG
1456,VGSDWRFLRGYHQYA
1457,TGESHNTKRADHNYLCKRGVT
1458,IKVFENERNSLSFDIPTN
1459,IFICVKSCSLLFMLNGNP
1460,LCAACSKQVFCNRRPERNGP
1461,LCAEYHNTQIHTL
1462,LAQEAGNFERISGDL
1463,KSDNQIKAVPASQAL
1464,TQPSKPTTKQRQ
1465,TLPANPPPASTNRQS
1466,VCNYGPGGNDFNQPIYERK
1467,SRQPALEQEVPES
1468,SMTSPLLTWDGNKVT
1469,VVQQVKGHYRQAMLL
1470,TLPERVRPPDDWAT
1471,TRAEGLYSMLVE
1472,TTKGENFTETDVKMMERVVE
1473,SEVAQGALTLSLPK
1474,NIEHIKQILINYIQECKPI
1475,NFTHKTIQQILQQQYKNNT
1476,SFLENKSSVDDGNIN
1477,SFKVTALNVVSRRYLASLHK
1478,MKKPGENIKPLSCKYSYPKH
1479,ACQKHTPPAPKEDDPLKKYT
1480,KTVTVKEDQVMQQNPPKF
1481,FAVANGNELLLDLS
1482,CKDDQNPHSSNICNI
1483,CEVFRELKDLKGYGG
1484,CVKKILDKVGINYWL
1485,WTMMDGEEQIEY
1486,DPDKDVDIMVRDGQLTIKAE
1487,DPDYVPPVVHGCPLPPT
1488,AGCLIGAEHVDTSYECD
1489,LDAVYLNKNKYLTVIDKDAF
1490,KHQPGGGKVQIVYKPV
1491,PAAPAPNDPNAAPP
1492,PAAPPAAPGGPGAP
1493,ASTAAPPYTNEQAYQMLLAL
1494,DGRDAVAGALAPEIVLYTEN
1495,QGGGTHSQWNKPSKPKTNMK
1496,ITRTTLQSDQEEIDY
1497,VNNTDTNFHSDITFR
1498,KDLEDGSKYYFDEDTA
1499,VLWGVHHPPNIGDQKALYH
1500,TEAQYKEMESKVSST
1501,YHNDNKTFLVWCNEE
1502,INWENVTERYMACKK
1503,ISDAMKKVGRKGVITVKD
1504,GYISKAQEYFN
1505,VGADEEAPPAPKNTL
1506,KTTKKDHKPQTT
1507,VGAESCGRPFSGSLG
1508,GGVKKIHIPSEKIWRP
1509,LCKLRGVAPLHLGKC
1510,ERPLELRVRVLDI
1511,HLGKCNIAGWILGNP
1512,LEGGSRGAPGGGFVPNLQ
1513,SLSTFQQMWISKQEY
1514,YTQQRRVIGEFR
1515,KLIAQGGKAKICGL
1516,ELSEFIPGASLR
1517,VAPAADAPQGFYVLENDYSA
1518,GKPIPNPLLGLDST
1519,EKANPVNDLCYPGDFNDYEELKH
1520,FKHKFAELLEQQKAAQYPSK
1521,FKHLREFVFKNKDGFLY
1522,FEYVDTYGDNAG
1523,IEDNWYTHYLVCNYGPGGND
1524,HIDSQKKAIERMK
1525,KTTKQSFDLSVKAQYKKNKH
1526,IVQQNQSRGKGPGKKNKKKNPEK
1527,LEPETGKDMSPYEAYKRGII
1528,DGILASPGVLRGAHNLD
1529,VKYKGQEAFVPGF
1530,DTFNPVYPYDTE
1531,LAGGSAQSQRAPDR
1532,STRPTNGSREGDTDT
1533,DVLLAGNAEADR
1534,FSPSLEHPIVVSGSWD
1535,GDTHLGGEDFDQRVMEH
1536,TGVPIDPAVPDSSIVPLLES
1537,FAKANKQVCTDI
1538,DGNCEDIPHVNEFSAIDL
1539,FLVAHTRARAPSAGERARRS
1540,APAVKYTVFETALKKAITAM
1541,PMFIVNTNVPRASVPDGFLSE
1542,VPSYSFIRAHDSEVQDLIA
1543,LLTEHRMTWDPAQPPRDLTE
1544,ALVGDEVELPCRISPGKNATGME
1545,EKPKLRKDMYKKMIEVDPL
1546,HQIALRMEVLGCEAQDLY
1547,HPKYAGQGGGYTT
1548,NEWREFCGLPRLETPADLSTAI
1549,KSNVPPTQDADTK
1550,RHEVTEMGQEVT
1551,FDPLRAEEDEREVS
1552,ASSHRALARLRTACERAKRT
1553,SFGSEDGSGDSENPGTARAWC
1554,NKGKWKEHIKEVTEKLKKA
1555,NDYCLRECKQQGYKG
1556,QVKTVDASSGSNRFAALPAF
1557,QVKARNIISPVMG
1558,DSPAPIIKLGG
1559,NGKQVESPAPSGHTHLKKPA
1560,CHCLGKWLGHPDKFV
1561,SANGEPTVKLYTSVE
1562,RQRFLLKNLRPNRQLANM
1563,RQVRLGDTQQSIPGNEER
1564,RRFDQKVAGFELGA
1565,RKVLENRSLSDEERM
1566,AHYNPPPPIEFT
1567,EGEGSGFIREDPIGAGA
1568,VVLEGGIDPILR
1569,RDYLPLVLGPTAMR
1570,FLFDKPVSPLLLASG
1571,RCHAANPNGRYYWGGQYTWD
1572,TSTNDWVVTCGYTIP
1573,PRNNNRTRVHGDKAT
1574,VRRRGDSRGSLLSP
1575,RRCQSQLERANLRPCEQHLMQKIQ
1576,RIEDPPFNSLL
1577,AGQVFLEELGNHKAF
1578,LKARDINDIFAILKN
1579,AHRETTIVSFGYSLY
1580,YFSIFNTELSQSNIEERYK
1581,GSVVAINPESDQPDLS
1582,GQYFAKPRNQGG
1583,CIAAKKIKQSVGNKS
1584,GEKVSRGCAVTCPKP
1585,LNDITKEYEKLLNEI
1586,DQVQESLLKANIQLV
1587,QSQAITCQKPTPEKEKPDPYK
1588,LETRTETWMSSEGAWKHAQRIE
1589,QGGCGRGWAFSATGAIEA
1590,LAPEDPEDSALLEDPVGTVA
1591,GYVRSGGAVPPACCN
1592,CTAVSPTTLRTEVVK
1593,NFLRGKLKLYTGEACRTGDR
1594,LLVNSSQPWEPLQLHVDKAV
1595,QSEGATNFGDIGVQQ
1596,FSILMAQDTLDQNL
1597,KRQIYTDIEMNRLGK
1598,EGLFAAAAPKPGPRRARRAAP
1599,CGNRGPSLRTTTVTG
1600,TTLPKGFYAEGSRGG
1601,LFPHWIKKPNRQGLGYYSPSYNDP
1602,THKFNSSGCPERMASCRPID
1603,YKEKSKFQDTHNNAHYYVFF
1604,KWWESRTVRPQY
1605,RKPLSPGMTGR
1606,DSGHRGYSGSQASDNEGH
1607,GFGLKVWEVRREKEELKRDK
1608,VTVRGGLRILSPDRK
1609,EELDKYFKNHTSPDVDL
1610,RKGRGGANPVFRPTGGTEVF
1611,MGPNLVLPDQKPPSRQSQTGSKVA
1612,GGRAETPSSPSLETQ
1613,KSMKVTVAFNQFG
1614,GTVIEGPCNFNVSVE
1615,ETTVVRRRGRSP
1616,MERFLRKYNISGDYAN
1617,GQVKRDNLAPMSDGA
1618,ELDGSKNEWGWSKSK
1619,QPNNKRNQLWLRLQTAGN
1620,TSGITGDNTTTSSE
1621,DSLPHPQQATDDSGH
1622,RPGLDELSFTLTGNPNRPDGGILT
1623,DSLNTGWLAGLFYHHKFNSS
1624,DWDCNTKKDVCIPD
1625,EGDLLLKLNNYRYN
1626,EDHKIMASENSSAMV
1627,PAQVSVPFMSPASAY
1628,LLMPPKYHPKEPYVTR
1629,RDMLLANKVPAAARA
1630,GFNGNVTGDDTGKIGGLIGAN
1631,FMQQRPLRMFLGPKQLT
1632,CNYSKFWYLEHAK
1633,CNYSKYWYLNHTTTG
1634,QQPQQPFPQQPQQPFPQTQQ
1635,ERMASCRPIDKFAQGWGPIT
1636,TGGRAAGVAAMQGA
1637,DNDGPVAAGEARPVPEEYLQ
1638,DIETPRAGKKESTVMTSGSA
1639,TMMPDTPSADASPSPRITRI
1640,STRGTSATHSHHSS
1641,LNTEPSQLPPTAPPLLPHSNLDHI
1642,MSDLTDIQEDITRH
1643,VTSVSAVASGHYLHR
1644,AKPRKISVDRGNNGH
1645,YDENSISPFAVWKFL
1646,YFIICYPLAYFAKAY
1647,RADESKTDPQTEA
1648,GPEYWDGETRKVKA
1649,AVTRGTINDPQRAKEALDKY
1650,VSILIIFILVSGLSMFVDQL
1651,LVSKKVTSKDKS
1652,AAVEQPEKPAAQPKKQQRKGRK
1653,TSTNGIKKILIF
1654,KQSGENFAYLTAYQA
1655,GTQETGDTTPSAYSMS
1656,GTQFTFDSWNYSFEDNYS
1657,VDAGSVDQTVQLG
1658,QLKHIFKTSLTVADK
1659,DVSLKKVIWKDGVSFVGVGAD
1660,FVKLISWYDNEFGYS
1661,QAAAEAYEPGRS
1662,KAPGFGDRRKAMLQDMAILTGA
1663,LPLSQHEQVGQGSLVQGQGI
1664,FRSGKYDLDFKSPDDPSRY
1665,GVLSVDLSLTVELKI
1666,GVLMGGQSESVEFTK
1667,ISTLIKQKLDGLKNE
1668,IRFKDDTSFEDING
1669,IRFKDDSSYEEVN
1670,WVLSHLDHYKRSSAA
1671,SQAQKAAKPAAAATGTATAA
1672,ITYKVMREVRALAYFVNGTA
1673,TTRGKRKRVDVEES
1674,DEKAQQRRKQWWNESK
1675,RGVAGKVVAGIGILAIRWRLPSGT
1676,QLYQTCKAAGTCPSDVIPKI
1677,AQRVEFLLKAWAEK
1678,VDMRGDCWSIEY
1679,IINPSENGDTSTNGIKK
1680,EGRKPCYERNEKRFS
1681,KDAGTIAGLEVLRIINEPTAA
1682,NNQRKKAKNTPFNMLKRERN
1683,MKGVVCTRIYEKV
1684,DTGHGLRLIHYSYGAGSTEKG
1685,MDIAIHHPWIRRPFF
1686,MDIYQKRCEAFGWHA
1687,VLGGGCALLRCIPALDSLTPANED
1688,PRREEGGRWGPAEPREREREEDWR
1689,VPVLSAKAAQASDLE
1690,PCKPLLREEVSFRV
1691,PCKPLLRDDITFMV
1692,RDGQSVIGACASPYEGRYR
1693,SFSAGDNPPVLFSSD
1694,FNCLGMSNRDFLEGVSGATW
1695,TWGENETDVLLLNNTRPPQ
1696,LEDARRLKAIYEKKK
1697,NSKYQEKLVLVVFDL
1698,TATALPDQASDDGD
1699,EYQQYQDATAEEEED
1700,TPTLHEYMLDLQPETTDLYC
1701,LVARIKNNLKNSPDLYSHHFQS
1702,LVASNWYNRQIERSSRTLG
1703,ENMYRYPNQVYYRPVDQYSN
1704,TLETKLGELKRQL
1705,KVNFPHGMLDLEEIAANSKD
1706,PKPEQPAPAPKPEQPAKPEKP
1707,TPTPTPTYDITYVVFDVTPSPTP
1708,TLAPVRPPLTVGPVGPSDP
1709,HYRAHARDGVFDYYT
1710,SGTSGPSGPSGP
1711,LREGVTLGVGASFDTQKL
1712,RSNHNRRPGYKTQNQG
1713,AAGANPLGLKRGIEKAV
1714,SFQQPLQQYPLGQGSFRPSQQ
1715,DAASPREEPRAP
1716,KLSLESNGGAKFDTKGSAKT
1717,EQSRDGSRHPRSHD
1718,SICGNNQLCKSICKT
1719,CDSSDRPRVYTIT
1720,VGSDADLVIWDPDSV
1721,QSQQFSVSENLLKEA
1722,KYAVTVETRLIDERAAHV
1723,DLWSYNAELLVALENQ
1724,SEWRSPADTSPRPLP
1725,GTHPSSSAGLKNDLLEN
1726,PAAKTGKRKRSQMLFRGRRASQ
1727,AGHATLREHLRDIKAENTDA
1728,GRPGRRGRPGLKG
1729,EISTNIRQAGVQYSR
1730,SRKFLNPDFIEGVCT
1731,IHVLNSESGSAGQMVQD
1732,RDSEGDLVAEKLGPI
1733,EKASVPGGGDMGGMDF
1734,AYNNGQEINGFKA
1735,LRYQQQSRQSRRRSL
1736,VKTLLPYGSVINYYGYVKPG
1737,GLRSATTPGNSKYQE
1738,VRMMLIPLDATLIKV
1739,GGRPGAPGGSGSGPRHRDGV
1740,GDPGRPGEPGLPGARGLTGRPGDA
1741,KPGVNIICCKTDNCN
1742,VSSYHSKPCNPAQPV
1743,LKKPKDRNDLI
1744,GEGNPHGWPHEVVVYY
1745,ALLRFVNPDTGRVLFECKLHKS
1746,NTQIYTINDKILSYTESMAGK
1747,DGDLKNDTTGYKGEGR
1748,VANVRGDLQVLAQKAARALP
1749,VWECKKPYKLSTKDVCVPP
1750,MLMRTDPFRELDRFAEQVLG
1751,ETPGQKYKETDLLILFKDDY
1752,EALKKIIEDQQESLNKWKSK
1753,DLKLRRSSSVGYIS
1754,RIPVSDIFCDIENNP
1755,KTLLSRFLWWLCYL
1756,VGKAYKKAGITGHIW
1757,KQQWVDYNLKWNPDDY
1758,IMIKAEEYILKKPRSELMFE
1759,AALFYTHKFNSSGCP
1760,FMPGPLVNSVSTKEGDSSNTGAG
1761,GPRGLPGERGRTGPAGAAG
1762,LGRSGGDIIKKMQTL
1763,TVGDDKYYFNPING
1764,TDPTGIEPDDHLKE
1765,ATLDDIKEWLEDKGQ
1766,ILPGGGTALIRC
1767,NNYCKIKCRKGIHTLCKFGT
1768,RGQYLQLQELECDWEEVTTS
1769,TDHGAEIVYKSPVVSGDTSPRHL
1770,EIERDTERDRFLSADEAV
1771,GRDRIMAWTVVNSIC
1772,ETPIRNEWGCR
1773,RGDANIGIGNIG
1774,TAQSTMKAEEITP
1775,KVVKALDYEQLQSVK
1776,MRRVAIAGVLAMRPE
1777,TLVVNRLRGSLKICAVKAPG
1778,EVTQHGSFSYVTGL
1779,WSPAPSSRACRLLQT
1780,SFETTEESLRNYYEQWGKLTDC
1781,RNCKKLGPRENVA
1782,ILNKPLITVSNSKIL
1783,YMASLQMRGNPGSHF
1784,ALNDLCIKVNNWDLFFSPS
1785,NAKATYEAALKQYEADLAA
1786,NAKGFMPSTTAYPFNDNSRE
1787,IGHGLLPWNNLVTHPVLGKV
1788,HVWSSPQALQRFLHDPTLTW
1789,APSSPGTPGVAAATQAANGG
1790,RGQSATATYTNLQNSYYNG
1791,NISLDNPLENPSSLFDLVARIK
1792,RRIRMKHGTKYRR
1793,SIEHQVKDVLTPLFK
1794,PSCCCTKPSDGNCTCIPIPSS
1795,YPEKAVLDEYDYRYNRPK
1796,KLCKGTAPFGVAFGNS
1797,SATQLYKTCKQAG
1798,LDDTNHERERLEQLF
1799,IEATLHCYGAYLTIGKNPDF
1800,DLQDVASHESGVSDQPAQVVTER
1801,PYSDFEKVTGRIDKNV
1802,VHPDTGISSKAMGIMN
1803,GSGTPVDELDRCCKV
1804,KKPAEDSNGEQLVCAGMRED
1805,PPLLESWKDPDYVPPVVHG
1806,QAADESERMRKVLEN
1807,LEPGVVAEKVRNLPAG
1808,TDAPSFSDIPNPIGSENSEK
1809,NAQLRSVDPATFHGL
1810,VKMAETCPIFYDVF
1811,ETEKESGITESHQKEDEIVSQ
1812,DGLSDFLKSQTP
1813,KNQVAMNPRNTVFDA
1814,KNQLAGKDEYEAKQKEAE
1815,TVNGTTRTVNPLGFFKKEALPK
1816,ESAWNLENRFSGWYD
1817,HSMKEGIHAQQKEPMIGVNQ
1818,TKEEVPPADLSDQVP
1819,DLILPVPAFKEAMRI
1820,KILIGVIITWIGMNSRST
1821,TPLEELYPTNVNLFN
1822,TPLFKIIGDEVGLRT
1823,CQWASPYGNAC
1824,DDATVAIRSAINNLIVELIRG
1825,VYLKEKEYSDCAWEIIRVEMM
1826,HITDDNEEPIAPYHFDLSGHAFGA
1827,AQVATISANGDK
1828,EEGSVAQEIVEEDAPA
1829,GATFQVEVPGSQHIDSQKKA
1830,GSEGSLSEKMNIVFKC
1831,SRRRSLPYSPYSPQT
1832,VCAVCRQRFLLKNLR
1833,QSKSTSAASTSDELSGSEGP
1834,DKARELLNKYDVENSMLQAN
1835,AKSSPYQKKTENPCA
1836,ESKAISDAQITASSYFTNM
1837,DSPIEQPRIIPNGGTLTN
1838,ISKGANPVEIRRGVMLAV
1839,KDNTIFIDLNCPRCE
1840,GPKGRTVIIEQSW
1841,AVIEPIVATNWQKL
1842,YDINNKNDDSYRYDISEEID
1843,YGKCIAVDAFIKKI
1844,TEEIDEIESVTEEVVE
1845,KKGLQQLQEWEDWVGWIGN
1846,YGLFQKEKMVL
1847,VRPATTLLADG
1848,LTIGELKPSTLYKM
1849,MNPAHLLVLAAVCVS
1850,YTKSKAKDVEGIGDVDLVNY
1851,CTSPYDGKYWSMYSRL
1852,GAFDLKTTFCIMTTRNTGQPA
1853,TPRCLVDYPYRLWHY
1854,IKKLENGRSLEGVYVP
1855,IAESKQLTVKQKTEQIK
1856,RAISSWKQRNRWEWRPD
1857,CRISPGKNATGMEVGWYRPPFSR
1858,DMNEKQKPYFEFEYDDFKP
1859,NDFPINELILDTDLISKIE
1860,SLPGQTKILAKVFYGEN
1861,VYPPSSTAKSSVSNAPPVAS
1862,VHHANENIFYCPIA
1863,ASEGPLKGILGYTEH
1864,ASDENYKDPTNLQGK
1865,SQWSRSASRNRRHVTEEADV
1866,GDQHQVGNETQGVTA
1867,ARPADYMLALSVAGGSLPVV
1868,PELDSFKEELDKYFKNH
1869,GPSADIIQFECKSFGHEVL
1870,KFDKLYKMLTEIYTEDNFV
1871,ETTEERQNEDGENDEKA
1872,EHHTHFVDITVGLQLI
1873,GDNAPNWKEPEVNGT
1874,DCGKEGYGFVCEKMQ
1875,RQGAEPRKNFVKPNETKTY
1876,PGLWLHQAFFSPWTLLR
1877,IGFRGLDGVHCTPTTDSGVI
1878,HFVQQTPKSQPTLV
1879,DFFNLNQEWRVYTYKYFKK
1880,GHEAQPHSRPYMASL
1881,DLIQEGNIGLMKAV
1882,GFSPEEMEAVASKFR
1883,IVARQKLKDAERAV
1884,TKINADNPVPILELE
1885,SAAIGGRMVSRTLRDNIPG
1886,NFREAMRIGAEVYHNLKN
1887,EVKPGTPAQEIEML
1888,QDEMNVIDDVQQ
1889,LTRAYAKDVKFG
1890,PSEPGDPLEAVAFEEKEGKA
1891,ELTIPIFATNSDCELIVKA
1892,AHAIALFLNQVHRSRAQFAK
1893,KHKKVSTNLCTHSFRKKQVR
1894,PNKQTPSGKKCIAAK
1895,SRNPIYSNNFGKFFEI
1896,KEFSEVEGRIQDLEKYV
1897,NQNPCFPIQLPEEAR
1898,GVENGVKYWLIANSWNEGWG
1899,SLAGKREMAIITF
1900,NYTEGRAVLHVALRNRSNT
1901,VSELITKAVAASKERS
1902,REDWWAINRKEVWKA
1903,CKDNGTKCKAFVCNC
1904,PDHVRTKGPGRCH
1905,SLKLMATLFSTYASAD
1906,VLHSDYCIVPNKGGTSIGS
1907,VIPDREVLYQEFDEMEECAS
1908,LKYYLAPKIEDEEGS
1909,YTVSKSKTNIFW
1910,PHGESNSSEESTTKS
1911,VRYKCGKNRETIEKLLSKLL
1912,FLGELTSSEVATEV
1913,IKLNAKMNILIRDKRFHYDRN
1914,IKMVSSLKTKIT
1915,TQGVVKERRWTLVNENRPIW
1916,SLLHEVDKDISQLTQAIVKNHKN
1917,PGFLYNGFPLPPVRE
1918,VDVCGQCGLLGYSGW
1919,AERNVLIFDLGGGTF
1920,QRVFKEKVDTKAPEPP
1921,KYSASGSGVRGDFGSLAPRVAR
1922,KYSAGGMGRRGDLEPLAARVAAQL
1923,GQKVHPNGIRLGIVKPWNSTW
1924,RKWLEEQLKQYRVKRQQERSSQ
1925,RIVFGASASDQPTQYEEEMTDYQ
1926,KYVDVNNVGIRGYMYLKGP
1927,QRRSARLSAKPAPPK
1928,FKSDPKKSDVKTYF
1929,DDASVDFVAEPVKLP
1930,LADKSSRKTYTFDMV
1931,EEDEREISVPAEIL
1932,DEVARKLAMVEADLE
1933,AREQQCRRPNSQ
1934,FTTYIIMNRWALGNLACDLW
1935,DPADNANPDADSESNGEPNADP
1936,DVKFDFDKSKVKENSYADIKN
1937,QSTVAELQRLKMKVGKTREL
1938,NGFTSVQGYAFNGTKLDAVY
1939,SPFGEVPPKLTSEEIAAN
1940,NKCKMNLQDNNGNDIGFIG
1941,GDKPVYEPGFEGAGGKLGYK
1942,ITNPAYDEKRSF
1943,LQATRGAVVAKW
1944,RNNNDINIDRTLVAKQSVVK
1945,SHRGVIADNQAKWAV
1946,DIDRGEEKKGKDSSGEVL
1947,NTLWTGPKPEANCII
1948,QPPVSQFHIQGQ
1949,GELPNIEADVNTFVASHKPR
1950,MGRGAPPPGMMG
1951,PTTVNFTVTGEGLEYT
1952,NTMDVIKKMLADQTV
1953,YKRQTAKFSDGQLT
1954,MDIDPYKEFGATVELLSFLP
1955,QEKIKKNPYEQQLKG
1956,LSHNPGASALL
1957,DKNKLQDVKDNKPSDVKLPVIKAE
1958,INPWDSKSDYLG
1959,PGFGYGGRASDYKSAHKGFK
1960,RMATPLLMRPMSM
1961,KHVSEINIKAQEKFLQHD
1962,KHKNLYEFNSSPYETGYI
1963,ELDENGDGEVDFQEY
1964,HTPGCVPCVRENNSSRCWVA
1965,TECRGIRSECDLPEYCTGQ
1966,PPKPEPKPKKAPAKK
1967,PIDYIIANSQANPEVFIADS
1968,PKRKAEGDAKGDKAK
1969,IPPTTTPVPPGYLI
1970,LEIYNEELFDLLNPS
1971,TIIIPYIGPALNIGNMLYK
1972,ILLQKWENGECAQKK
1973,SSDPAWERNDPT
1974,PPTLAYSPNRQICPAGTTS
1975,PPPFNPRPSPYAELLK
1976,SMPVNTPGQFEDFFP
1977,EMLAAERPRGVFNRQLVLGE
1978,GTKHFLVHREWFNDLLLPWTSPAS
1979,QYIKANSKFIGITEL
1980,MMMNWSPTTALVVSQLLRIP
1981,QNTRNIVPVSIVSR
1982,QNTEEMENLSDRVAS
1983,GVPDHIKVWDYATNK
1984,QQQQQQQQQQQQQILQQILQQ
1985,DSYVVAFSDEMVPCP
1986,TDIPPCPHGWISLWK
1987,MQGSVTEFLKPRLVDIEQVSSTH
1988,DHTLRFGSKSPF
1989,DPESPEKKKLS
1990,MSKTLHAQLGFKKT
1991,NASGLSRPSPSAH
1992,DAGVIQSPRHEVTEMG
1993,MRKTKLAPTVAHGVF
1994,EQNPQHFIEDLEKVRVE
1995,ETSEAAATVDLFAFTLDGGK
1996,PKINRSAPEPSL
1997,ITQSTQSFNDFTRVV
1998,KNSSDKIGKILGDTDGQNEKRKK
1999,QKSFETERDHLRGYI
2000,NHSQTPRYRRPKFPWFK
2001,RLNNSKIYINGRLIDQKPI
2002,DYDAAVKKYEA
2003,MVLNEGTSGTA
2004,YHYDADENSKQKKWD
2005,WNTHQPRYSGGCVAM
2006,NGNFIAPEYAYKI
2007,QYTPTTQPYPRVT
2008,RMKRPGEDKVRPACQHK
2009,STPSTPADSSAHSTPSTPV
2010,STPVAPTQEVKK
2011,KSVVTKDSESKITQTQKDSK
2012,MMLFSLFLISILHILLVKCQ
2013,TSLNLQKDEPNGRASDTAGQ
2014,HHPGIAEFPSRGKSSSYSKQF
2015,DGYVWQVTDMNRLHRFLCFGS
2016,ERDRKREKRKPKS
2017,PVPAPRRKVGSDCGS
2018,VDNRECISMDYKQTQLCLIG
2019,TIPTKKSQIFSTYADNQPGV
2020,SKGLWADCVMATGLY
2021,DSCDELIPEYLNFIR
2022,DYDNQHEQDRPTPSPAPSR
2023,VARALAHGVRVLEDGVNFAT
2024,TPSSKRFQPFQQFGRDVSDFT
2025,TPSPDRDERGALGWG
2026,ETCFQQACKGKIQALCENPEWA
2027,NTFRLMRRAGYINEF
2028,NSREESLGETAQVYW
2029,QQEVDYIIDHVDQHN
2030,PKRECHFFNGTERVR
2031,EPRCPYVGADHFDCP
2032,CRWSVRLSVPSL
2033,DSDSESDSDSDSDSDSD
2034,VIYNINSTIVRSMKDLMQ
2035,EMERDCLIGYGASML
2036,APAAGSAPAAAEEKK
2037,FKRELRNLPQQCGLRAPQRCDLEV
2038,EERYKIQSYSEYLKDFWGN
2039,KEEEQKWKWWEEERY
2040,DPPKSNQSLGWGDSS
2041,RVVTKKGRTFLYPNDLLQ
2042,PSEATVYLPPVPVSKVVSTD
2043,AVGADESVVKEAHREVINS
2044,YRLATNASQAGVEKILSAL
2045,CITQYERESQAYYQRGS
2046,CITTIYKTGQPAADHYYSKVTA
2047,ENNSSRCWVALTPTLAARNA
2048,ATVLAQALVREGLRN
2049,LLARDAPDTDWCDSIP
2050,LSDKLWTDVVFN
2051,LGTQQNAALNRDLFLT
2052,RDATAYPSAKTPSS
2053,DNIGNANIGFGN
2054,EAAAYIKGRLSPIVKTERIKVFVK
2055,DRMNLQTLRGYY
2056,QYLYGVGSSIASWAIKWEYV
2057,LQAMRKYSPFRNGYMEPTLG
2058,KLVEYCDFLTTFVHAKKKE
2059,PIELQVECFTWDQKL
2060,SAWNSDSEKPFDDHL
2061,TDHAGSNDNIALLVQ
2062,DASFQEHPDLPGLWL
2063,RQAESSEAMAAWSERAGEA
2064,VVNDHNPTKVTSKIRVYLKPK
2065,NNIMFKLDGCRDTHRYIWI
2066,PNLKLNNGTDYK
2067,VSVNDPFIDLEYM
2068,STFVVDGPETKECPDE
2069,SRLEHQMWEAVKDELN
2070,RPWLVHPRHRY
2071,KQKKHLNTQQLTAFQ
2072,PESRGFVENSY
2073,LNCNESLNTGWLAGLFYQHK
2074,AQKFNGLTVLPPLLTDD
2075,AAAGYDVEKNNSRIKL
2076,RDYIPRILGPEAFQQYVGP
2077,SVTFKFGEEFDEKTSDGRSV
2078,EKTGILTVTYHSETQRTK
2079,RRIASQVKYAGSQVASTSE
2080,QQMSINVDNQFNYVP
2081,NRSPSTGEQKSSGI
2082,HGPDWASPVCQRHSPDCSRLVG
2083,GDSKLLTITQSEPA
2084,KYVDNQRLLSTFTEYIKNI
2085,EEYHLYKDGHLPISEFALLV
2086,EEVTTSGPCGEESVLLDRKS
2087,CPCGSCCSWWKWLLGLLL
2088,MVSFYNITDHGSLIY
2089,HPVAINASSELHLLGFGINAENNH
2090,TSLWYDFLPDQAAGL
2091,RVTVSTRRSQQTIIPNIG
2092,RVTTRSQAQDAAGLKEKAD
2093,CFKKPPKYPPALPI
2094,RPGYEPPTVLGCALPPT
2095,GAARVTSWLGRQLRI
2096,CSALYVGDLCGSVFLVGQLF
2097,FSLRLMEENWNAEKRSPTF
2098,EVGLHECGNSMQVTDDAL
2099,ECQEATLMVMVSKDLFGTGK
2100,RGFFYTPKTRREAEDL
2101,RGFVVLPVTRRDVTDV
2102,SSSEPFVAESEVSKVEQEETNP
2103,FLEKTKKDFGL
2104,TDVLNEAAYKKKFRV
2105,YIKGSGSTANLASSNYFPTP
2106,YFPTPSGSMVTSDAQIFNKP
2107,KCNTATCATQR
2108,VSYAHGFKGLVD
2109,RYLTDMTLEEMSR
2110,AKLGAAASSPDA
2111,ANQCDFNHDDCRNTAKYQVG
2112,SLVTCPAQGSLQSSPSMEIK
2113,LDLGYTLECKICNFK
2114,LDFGYTTKCLTKFSP
2115,LDFGYTIVCYKRHAS
2116,YDTQAIVQNNDSTEY
2117,AYGGIIKDAPPGAGFIYRETFC
2118,PPFLAGAPQDVV
2119,TDKKSYEPLEDPGVK
2120,GTACLPFYRSSAACG
2121,MSESHVKISRTIIRGTSPST
2122,MSDNGPQSNQRSAPRIT
2123,HWVPTSRTTWSIHAK
2124,ALNGNGDPNNMDKAVKLY
2125,SVAGIVGADEEAPPA
2126,LNDKHSNGTIKDRSPYR
2127,LCKIARSQDACIEFV
2128,LCLAGTTGGILWWYE
2129,AYSDDFFVGRV
2130,YVNTNMGLKIRQ
2131,PSSRSNTLPRSN
2132,TGYRYDSRTGFFATN
2133,KQKLEEDAEMKS
2134,KPSKPKTNLKHVAGAA
2135,KVKTTVVYGRRRSK
2136,IPKVMQLVSDFFRGKELKKS
2137,IPKPFFRDEVSFCV
2138,FKRGIQEETGIKPPWA
2139,DERYRLPTTSIPIHY
2140,KYYFDEKGIMRT
2141,KYYFNSDGVMQK
2142,PETQPGPLTLELQIAKDK
2143,PRGWNPGFLYNGFPL
2144,PPARALKRSLWVEVDLLIGS
2145,VRLPPPTILKPVTLW
2146,EVAEAPPAEAAPA
2147,AALVSGTATAGWTFGAG
2148,KQQGLNFSYLAAYQA
2149,STPGIVIPPQEQITQHGSPYGRC
2150,ELVNEKEKYKSITDE
2151,IHIPSEKIWRPDLVLY
2152,KLNKKAASGEAKPKAK
2153,LTSVYIANHRPLFTHLAVRIG
2154,PKTTEQPNQKVEY
2155,ITANTREIQHIKEE
2156,QCAPLMLRLAWHSAGTFDCTSK
2157,QEVFSLVKEPILKQTQASSS
2158,GPSRRGPSLGASSHQ
2159,STQTAGPWHLGKLEL
2160,FKQKALGLLQTASR
2161,RSLDFQATTMF
2162,HACQKKLLKFEALQQEEGEE
2163,CTECDTGYSLTSDYQCKAITT
2164,PTRAPSGPRPPSRSQAQTPPR
2165,DKKQKAREERFAASLQRRLERRKA
2166,GGYGDGGAHGGGYGG
2167,GSDDYVWLSRLLDLAPNYRQ
2168,KAWLVHRQWFLDLPLPWL
2169,EIEAFGKRYFTDS
2170,SQPEILEDARASVDTY
2171,PIVNKQSCSISNIETVIEFQQ
2172,YGLPREQARQLKNNN
2173,FQLKTADLPAGRDETTSFVL
2174,LYVEDISEPPLHDFYCSRL
2175,QPLNLSLAAWP
2176,SAISVARTLLVF
2177,GDTRPRFLWQPKREC
2178,MDSFNYTTPDYGHYDDKDTLD
2179,SIGMLPRFIPENQRTVA
2180,VTFHYQNKYKVPAN
2181,SKIFKLGGRDSRSGSPMARR
2182,TQKIPKANAADADTDTT
2183,MEILGIAINRYNGLTLRG
2184,ASATKDGSHYKITGTATGVD
2185,ESKENEKALNELLEKTVKDK
2186,GKIGGLIGANVSIGHTLK
2187,GTSGSSADSPTGLLSP
2188,YARFMDTDPDRYGILPSNF
2189,EASVDSLTFSVVTGP
2190,AHHAADAHHAADAHHAAD
2191,YNYYKKFSYKTIVMG
2192,WLKLGLVEFGGVAKLNAEVMS
2193,KPAPKPTPPKPAPKPAP
2194,KSITDELDQTFSELS
2195,LAEEADRKYDEVARK
2196,SVVNNVARCSYGADSTLGP
2197,SSLEYNIFEGMECRG
2198,ASYVKKPKEDVD
2199,TCDQVKGRKALIACLAPDRR
2200,LQHYWNNGNNGGRAY
2201,FETDFTVHKDRVNDV
2202,STILEDWNFGLQPPPGGTLE
2203,EDFDEDWENFEFDAEPKAIK
2204,GAEKNWAGQYVVDCNK
2205,YEALELRDNDKTRYMGKGVSK
2206,LIVTQTMKGLDIQKV
2207,GDYSPSCCTLTIGVSSYHSKP
2208,AGGTGTEDSHPPYKQ
2209,YKNMILGTSVNIYEYIGKLQ
2210,EGNRPTNSIVFTKLT
2211,KLIPNASLIENCTKAEL
2212,CDICTNTMDVIKKML
2213,TGPGTNNPENPITESAHLNV
2214,SLMVALDSNNTMPFT
2215,QDPDNTDDNGPQDPDNTD
2216,DGLRAQDDYNGWDINTPAF
2217,VIFQTPLIKNPDVKSAIEG
2218,RGNAELQTYLRQITPG
2219,CTYVLDPENLTLKAPYEA
2220,CSNSSSSQFQIHGPRQ
2221,ANYTNLSLRLDNNL
2222,TPQRKTTEDRPQ
2223,EIIGFGQELKNPQEE
2224,DWRDAEKCDIC
2225,AGKNQSQKKKK
2226,AGKALTGLSTGTSQNTRISLRP
2227,RTLDQQYKEVKRETDLSHVQ
2228,EKKYSPCAWEVVRAE
2229,EVILKNAIVYNSMYENFST
2230,QGVPESPFSRTGEGLD
2231,EALRSCQADNSALIDITSLA
2232,EEASGSSVTAEEAKKFLAPK
2233,CPFLPKPKVASEAFMSTNKM
2234,KERSSLRYGNVLDV
2235,LLLLQVSSSYADPFY
2236,YKAYVSYKKRKAQEK
2237,YKDGTLTPLSTKDLTTY
2238,IQLPDPNQFALPDRT
2239,MLTESTFKNLSVTFKFGEEF
2240,LKSKIQGLLQQASK
2241,LNPWDQVKRNAVPITPTLNR
2242,MEESVNQMQPLNEKQIANSQDGY
2243,NWHQLHGKKEAY
2244,KCDSTLRLCVQSTHVDIRTLE
2245,PDREFLLRVSYMEIY
2246,SYENMTALEAVSLNGTRLAAGSPS
2247,SKVLHLEGEVNKIKS
2248,STLPISETGGGTPEL
2249,LFKPPKYHPDVPYVKR
2250,DYQGMLPVCPLIPGSSTTSTGPC
2251,GYNVSSIVTMTSQGM
2252,NRQNMIVEPNYDL
2253,EEEDQPRPDHPP
2254,RRKLTNPANKEES
2255,LKSHGGRIFYRHMHI
2256,FGQIFRPDNFVFGQS
2257,RGQGDGGRRKKGGWFGKHRG
2258,PCGEESVLLDRKSGKQYSIE
2259,SRSESRKNRGGREEIL
2260,SSSWETMEKGEIKNC
2261,ENGVVWVSFRGADYSLRAVR
2262,ATREGVKAAIP
2263,DNEEGFFSARGHRPLDKKRE
2264,PLVDILILPGYVQAC
2265,DDYNYWTPINKKEFL
2266,TSGTSGTSGTSPSSR
2267,SWGANDTDVFVLNNTRPPLG
2268,DKTEDVDIEEMALKLDNVLL
2269,SGQVYQDWLGRMNCSYENMTALE
2270,VQESYYRYVAREQSCR
2271,LAPISGTVQSAHLIIRFD
2272,KDVTKEEYAAFYKA
2273,RMMATKDSFQSFN
2274,MPGGMPGGMPGGMPGG
2275,WIRSTLRRVEAKGRP
2276,HDDCYGAAEKYHRCS
2277,DNPSSVPVKKAAELYDKIK
2278,LGNGLKAIWQVE
2279,RDALPNTEASGPTHSKE
2280,IPRSRQIDLQIG
2281,DEGDTDLYDYYPEE
2282,ISFPEGFPFKYVKD
2283,WWENETITNGTDRKTI
2284,QTDEIKNDNIQTDEIKNDNI
2285,QYFVGKRTVPPGECFIQFLSE
2286,SGSLGTLSSPSPSAV
2287,RRLPKGVKHLKDFPILPGEI
2288,VIGHEITHGFD
2289,ANRLRISSIQATTAA
2290,ASQKRPSQRSKYLATASTMD
2291,EVTPAIKSEVSL
2292,EVTIGDIEEPPILEVVPETH
2293,GELLQDNAKLVPVLS
2294,ASKKKPAGPSVSELI
2295,GAQVSRQNVGTHSTQNMVSNGSSL
2296,APGYKHEIKYNC
2297,VSDYEMKLMDLDVEQ
2298,NQILKPKLISYTLPVVG
2299,SLSTNLDVTNSIEHQ
2300,YKKITRGSSRPEMGC
2301,AASGPKVVIDGKDQNVTGSV
2302,AASGDGTITFTGKVIDAPCG
2303,AASKTAYEAKLAQYQADLA
2304,AASKSCPLPQVRALESLESL
2305,QPSQDELKDNTTVFT
2306,GGGGWGQGGSHSQWNK
2307,ICESAGVQEDAASL
2308,PPPLSEAAPKPRAAA
2309,MSSFSYEPYYSTSYK
2310,LLSDTDNAAFPQMTKSYKNT
2311,KSRSDLMFEKQSERHGLARR
2312,KSYCEIIVTHFPFDQQNCTMKLGI
2313,VKDYTEKLHEGVAK
2314,TETPLRKHFNLTPV
2315,FQQFGRDVSDFTDSVRDPKT
2316,GACAPYRRLHLCD
2317,RERRRKKRGLFGAIAGFI
2318,FELCDNPFFAVSKPMGTQTHT
2319,GVVNQGPVDVPFSGKP
2320,HAFRENCSPGRCIDDA
2321,GVEVTLAEKCEKEFGI
2322,FDTLQKADTDPNADIVIGVP
2323,SISPESDRPDLSTFMESGEW
2324,VFKTKLVRDEQIGRIG
2325,DKAAAICFRNSMDT
2326,HEALREPRKLERTISK
2327,AAMAARPHSIDGRVVEPKRAV
2328,CDKNTGDYYEDSYED
2329,RRGAGSSQHQERCCNELNEFENNQ
2330,QAASAALGALGRFDE
2331,MIAATYNFAVLKLMGRGTKF
2332,CNICEGDSACLSLCQDR
2333,IRDVWGIEGPIDAAFTRINC
2334,SKKHKDNEDAESVK
2335,DEKTSDGRSVKSVVTKDSES
2336,ECPLERRKTGVFTVAEFG
2337,DNPRPNDKTGS
2338,DTKRARTDWWENETIT
2339,WDEDGEKRIPLDVAE
2340,DKVGHDFSGNDDISDVGK
2341,RYSRNAVPNLRGDLQVLAQKVART
2342,VNKMTSDIDIGTTVDLYKDL
2343,KAQRSALLRLFCFVCY
2344,IKEGKRVLIAAHGNS
2345,LVAQKEEFEYDENME
2346,WSNGQPVTAADFVYAWQR
2347,EQFNWVSRLANLTQGEDQYY
2348,MGGWSSKPRKGMGTNLSVPNP
2349,NMLYKDDFVGALIFSGAVI
2350,TNWLAKVNTQIDLIRKKMK
2351,KEGYLVDKNTGCKY
2352,VEGTDAAGRRVTNTKVLRCP
2353,MGTNLSVPNPLGFFPDHQLDP
2354,ITIKQHTVTTTTKGENFTET
2355,PEKTPLPVSATAMAPSVDPS
2356,PEKPHFPLAAEDDIRHH
2357,VDREGRDNVRSKGV
2358,VDRLEDELVNEKEKY
2359,GESKEQVANSAFVER
2360,TKHPKKGVEKY
2361,VGPAPGMRPPMGGHMPMM
2362,GDAKKKKDGKKAEPKNPREN
2363,YKSQYLNNGPQRIGRKYKK
2364,PSPDITSTTKTRNFDLVNCN
2365,APQIVRGASEDVRKQPYNLTIA
2366,DRAAGQPAGNGAGGQAAGGN
2367,GNDYEDRYYRENMYRYPNQV
2368,KTNACHNGGGFSEVIFR
2369,EAIPALTAVETGHTSQV
2370,EQAISALPDYASQPGKPPREDLK
2371,TYRDFIYRTVEIPGCPLHVAPYFS
2372,ELQVIDKVDAAFKVAATAAN
2373,CADGYTAETINEAIIKICG
2374,SAMILAAYHPQQFIYAGSLS
2375,CADARMYGVLPWNAFPGKVC
2376,RLSKDEIERMVNDAMKYEED
2377,RLCVQPPFFLVQEKGIADTSR
2378,NWKMNGSYSHINTFFDTLQK
2379,SYHAGFNYKNGG
2380,RTRVHGDKATAHGRK
2381,DRAAGQPAGDRADGQPAGDR
2382,YRYNIYSEKEKSNINIDFN
2383,PIAIEEVRGDAHAGVI
2384,LNVQNKNSSYFVEWI
2385,RHEWNKHGWCNWYNI
2386,REARSGRLSQLRE
2387,ALDITLPMPPR
2388,CQVGSSNSAFVSTSSSRRYTEVYL
2389,CTITGTMGHFILARC
2390,VPQYLRWFEEWAEDFCRK
2391,GVAMPGAEDDVV
2392,GVEIWSNKDLINVQP
2393,LHYLKAKEYSHCAWT
2394,LNEKEIKDLYDNQSNSGIL
2395,GRGTVAAAAAAAT
2396,TVAFNQFGPNAGQ
2397,PLITHGSGMDLYKSN
2398,DGNQIDKNNSTDNSHNIL
2399,FSNVYLFAKDKSGPLQPGV
2400,NSEDDDTFHDA
2401,IKPGSANKPKDELDYENDIE
2402,KALRDGDWFWWENSHVFTD
2403,VKQMWPAESRKP
2404,VHTGFGAMDFTTLQANKSEV
2405,PSLIGLAMGDAGGYKAADMW
2406,EKPCLEKPKKKK
2407,EKRKGMLEKSCKKFM
2408,VTANPYVASSTANAKVLVEIE
2409,AHTTSDPWHPPG
2410,SRKGLRRDLDASREAKKQVEK
2411,VAFIAIMMLVGRRLV
2412,DDKLRMETCFQQACK
2413,AFKDRFQLTDCQIYE
2414,PFVPRADEPARKGKVH
2415,GQPGPSGAAQGQVISN
2416,NFNTVRYDYYGD
2417,YGKDVKDLFDYAQE
2418,QIFNLFSTKDSSAAWDETLLDKF
2419,DDFHTDEDKLDTNSVYEPYY
2420,TLHDMGIFSITSSDS
2421,GKNRAINMLKRGLPR
2422,DKLVVMQDASGQHR
2423,EEAQTLSKILLKDLKE
2424,VGLICERMMKERESQIRD
2425,IRLRHENKDLKARLENAMEV
2426,IRLSWEVQHLSDLK
2427,QSQDNSGDQRQVDLTPKK
2428,RNLTYIDPDALKELPLLKFL
2429,AMRVMEPKPSPFAEAVCP
2430,CLTSDSNIRETVVKI
2431,LRLQTAGNVDHVGLGT
2432,LTDCVVMRDPASKRSRGFGFV
2433,LLLGAPRGCAEGVAAALTPE
2434,ALGQGPQFIFQYYEEEER
2435,LPGKCGVNVPYKIST
2436,KLQPAEIETCMKTITT
2437,LARLEEEGQSLKDEM
2438,MCVTQYQKESQAYYDGRRSSS
2439,ENPKKYIPGTK
2440,MCQCVQKYGTEFCKKRLA
2441,IEEADKKTITSAVEEALEWL
2442,PRRRRSQSPRRR
2443,TGKIPWILLPGR
2444,VGMVVAHVLRLPQTL
2445,LAGNAARDNKKTRIIPRHLQL
2446,AGSIAAATGFVKKDQ
2447,LENNLIEIFKKIHENL
2448,KFLQHDLLFKINGSKIDG
2449,KFIEGNGHSFWYDMMPES
2450,LARSFADIGDIVRGKDLY
2451,TKIPAVFKIDALNEN
2452,IICDLSFVTRRY
2453,LCSGGYTVSKSK
2454,QKNACSFDLCNSYDVL
2455,VAKLVTQEMFQNIDKKIESQ
2456,GILESRGIKARITHVDTESY
2457,TPLLYPSLALPAPHLTLPFNWTH
2458,FEDVKGTGGESRDLPSGQG
2459,LVTVNPFVSVATANS
2460,EITDNPYMTSIPVNAFQGLC
2461,EHLKELIARNTWTLKKLPLS
2462,YNQYSQRYHQRTN
2463,SDARQRVADRKRKEKYDSFF
2464,TTLGMHCGSFGSAPSNG
2465,GNANRFTTIKNCEQHCKMPD
2466,VQPQVNKEIRNNNDVNIDRT
2467,KLEYDPRCVYDPRGH
2468,TAGPNEYVYYKVYATYRKYQ
2469,DEYDDAADAAGDRAP
2470,QPFPQPQLPYSQPQPFRPQQP
2471,DSDIEWLQKDFGLYV
2472,AAEAFLVHLFEDAYL
2473,IFSQNMNIKLKMP
2474,IKKLSDGQVGGFINY
2475,ANAANEADYQAKLTAYQTE
2476,KAKLDENSAFLQFNW
2477,KAIFAGRKFRNPKAK
2478,AGDSSTKNLIYTSTLCELNV
2479,RAVVAPDKEVLYE
2480,RAYALWSARQQFKTT
2481,EGMRFDKGYISGYFV
2482,ALGVINTLEWIPRFK
2483,GSPSATPPAADCGPASPT
2484,NLSDAHKKNLYDHAL
2485,KARIHPFHILIALETYKTGH
2486,TCPPCPAPELLGG
2487,VGTAEEKLKKKSSF
2488,VGTEWTPCSVTCGVGVRVRR
2489,TMGIYFATPEWVALN
2490,NPVENYIDSVLNEVLVVPNIQ
2491,KISGQNTGNYKTN
2492,AVRKEQQQRGRREQEWEEEEEDEE
2493,PEFAGLSGSVQY
2494,SGIKDFLPVLQQ
2495,TGVDVSMNTHLKAVKMTLKN
2496,FYNLSKVTHIEIRNTRNLTY
2497,DSRCPTQGEAVLPEE
2498,KGSPCTNVAVNPGDCPPLEL
2499,KYALADPSLKMADPNRFRGKNLP
2500,IDKDNNELIDKQELTKYCQQ
2501,RYKYYPETPQGLAKII
2502,NVLARIDAAAFTGLA
2503,GGYEFLLANDVDNSNPVVQ
2504,NFDFGLLGTTLLNLDA
2505,SKQFTSSTSYNRGDSTFESKS
2506,KLTEKEKAELQAKLEAEAKA
2507,YTKCGSGPWLTPRCLVDYPY
2508,SKNQKYSEHFSIHCC
2509,GIRTINGLARTTADR
2510,EAEQQQLIDDHFLFD
2511,DWVKGFPIDSSC
2512,SEKSKCEENTMFQPY
2513,MAHRPPSPALASVLL
2514,GIGNIGDRNLGI
2515,DSGCVVSWKNKELKC
2516,APKSPAKAKAVKPKAA
2517,SNRVFLCQDSKVTEIPTDLPRN
2518,IYDKLTVQTTG
2519,IENEYEVLYLKPLAGVYRSLK
2520,ADLGDFETSVADAATGAGVIKSIA
2521,QPRRRANNRRRS
2522,SSKDDVVDADYEEIDDNKKSS
2523,CFKEHSSLAFWKTDASDVKPC
2524,GAATAAAGGYKA
2525,GAASSYFEYVDTYG
2526,RNTNLAANFNGQNTEINNM
2527,QMQPVKAFKIHNKIWVIPE
2528,KIVYEKSQLAPRKLY
2529,TDSEMDVVRFDDDNS
2530,DAATAQTLQAFLHWAITDGN
2531,KETLHSTSPEGN
2532,GPETLCGAELVDALQFVCGDR
2533,YAEPDSSDQRPYCWHYAPRP
2534,EENVEHDAEENVEHDAEENVEENV
2535,EEPEESDEDDFGMGGLF
2536,IGTLKKILDETVKDKIAKEQ
2537,RSGSSFYAEMK
2538,CAELCDPSNKPGHLL
2539,DSYFRGAPKLLYVRLSHNSL
2540,FGLVDGLNFAVQYLGKNERD
2541,FGIVGAYGAADRTNLQEAQP
2542,PAGFCDGYCKTHLKA
2543,MQKGFVSINDNKHYFDDSG
2544,KELLQEGYEEIVGETPSFKK
2545,AADKPTLDIRMMNIEATNLAL
2546,LSPFPAYPIVVGGQIYRFGYKHEL
2547,NCRDPCCDAASCKLHSW
2548,NCPYVSYGKFCIKPDGSIST
2549,WTPINKKEFLNSYED
2550,AHLKAYAKINEESL
2551,LRVKIERDDLSRETIIQII
2552,PHWTKKPNRNGGGYYSASYSDP
2553,NDRVYINVVVKNKEYRLAT
2554,NDSSSHLQLIYNLTLCELNGTDW
2555,HFLKMESLNFIRAHTPY
2556,DRPEDLDVPPALADFIHQQRT
2557,DDMEKIWHHTFYNEL
2558,HTSSMRGVYYPDEIFRS
2559,PLTRATADNKDELIKRANDY
2560,LYKTCKQAGTCPPDIIPKVEG
2561,VERSKAFSNCYPYDVPDYASLRS
2562,LNLKIDGLKISV
2563,LQVVRLDGNEIKRSAMPADA
2564,GVATKGLNVHGKSSDWG
2565,QALTGTNTGGAIDGVSTTD
2566,KAKSETFRLLHAKNI
2567,FTQCSMNVVSKTLFRKSPIY
2568,KPLDKFGNIYDYHYEHETHA
2569,TPVTRVSAEQWGRP
2570,LFAAFPSFAGLRPTFDTRLM
2571,WTPPAIFKSYCEIIVTHFPF
2572,KAISQIQESLTTTSTAL
2573,KAKASTVKAKLLSV
2574,KAKLMPQLPGIPFV
2575,QDPDKFANPVKDIFT
2576,KKVLGEKTENPKKFK
2577,KKEDFDIYDEDENQSPR
2578,LDPMVEERSDLEPS
2579,LAKEQKSKQNIGALKQELAK
2580,SDWDCCDVCCNPACAGC
2581,DRAVYENELVATRDVKNGSRGSV
2582,RVVVTPDKEILYEA
2583,REKEELKRDKEGKVSTLPLD
2584,HAQHFCAEEGGTLVA
2585,GYGFVCEKMQDTSGH
2586,LKEEEKEVVRLMVIKLLKKNKL
2587,RLITGRLQSLQTYVTQQ
2588,DKKAINLDKAQQKLD
2589,RNDLITFLEQETK
2590,TYKNIHGTSATAAAIQLMCS
2591,LVADHSLLSIHSAKVK
2592,LEAEKAALAARKADLEKALEGAM
2593,LDPLVTALLGAFD
2594,KDIKKEIDNDKENIKTNNAK
2595,AYFLYQQQGRLDKL
2596,LDAWVDTLGGDYKAKFETFK
2597,LNQTARAFPDCAICWEPSPP
2598,LHTISRYSSEYPHGDK
2599,RSFPSYYTSHVQEEQ
2600,HGYEKPEELWTAKSRVHPL
2601,TLESLPAPETSVYFCA
2602,TKYKQRNGWSHKDLLRLSHLKP
2603,VAAQLAPPSAASAF
2604,CASYHTVSLLRSTSQKS
2605,GNLKLCFCGDYIFSEE
2606,TEEIIQGESKVEEVVE
2607,EPYYSTSYKRRYVET
2608,KVITKGDDKPVIQVQ
2609,KPQGSPPASQKEAIRD
2610,KPPTPPPEPET
2611,IYDISNKRRMGLTEF
2612,TQEGGVKPSVAWWHDDKSGI
2613,QELPPPNAQEL
2614,LSFLHLTRADLSYPSHC
2615,LLDLPRDLGGMGCSSPPCE
2616,LQVQDQLMNEELTER
2617,VSYMEIYNETITDLL
2618,GLPDSVKIWTSETNK
2619,AGAATEEFIKRAEVN
2620,GLLFGLIALAEEVRKLKAR
2621,KSPKKAKAAKPKKAPK
2622,QLLSSSKYTIQRSTGDNIDT
2623,PEAPRRRSPSPTPTP
2624,FLALDVPTIGLC
2625,EWSPCSVTCGKGTRSRKR
2626,QDIQPAIQSSWPKL
2627,GKISSDEAKNPFIG
2628,INDSTTVEPILD
2629,SDSSFFSYGEIPFG
2630,GGTEESVVTASRS
2631,IHNDVEAWMDRYKYYP
2632,WTEVSEVATEV
2633,SCNATQYNQLST
2634,IREDDQPSSHQPLFY
2635,DLSNNFGKLFEVKPD
2636,AFSVAAPVTVTR
2637,AFSVPQANARSSENAESSA
2638,AQAANGGASGQVKVTKVT
2639,IAKRPKVRDQEGRI
2640,PKAPYTSTLLPPELSETPNATQPE
2641,GYENPTYKFFEQMQN
2642,IVSYLCDLAPEAPPPTLPP
2643,IKVKTDDANGWEKDA
2644,PDYGHYDDKDTLDLNTPVDKTSN
2645,PGAIEQGPADDPGEGPSTGP
2646,VTHESYQELVKKLEALEDAV
2647,GLFHKEKMILNEEEITTKGA
2648,RKLFLVALVLFTIGSLICAI
2649,LVLNRLKVGLQVVAVKAPGF
2650,KKNGRILTLPRSNPS
2651,NRDQGRKPTPPTPP
2652,NTWEGQAASAALGAL
2653,GRIFNQFTASYPLLR
2654,YAVRNSNSLIYY
2655,FDFYEVTSRTPVRAREA
2656,ASFTVSSEKTILTMGEYG
2657,DPVGHPAAPRAPGPE
2658,RFQSSAVMALQEACEAYL
2659,LIKNQCVNFNFNGLTGT
2660,TTVNAHQILPKVLHK
2661,SYTVTNLVQTQSQVQ
2662,FDTGLSEMRLEKDRF
2663,PVVEVNGVTIQVGSR
2664,YNGEEYLILSARDVL
2665,TEAVPGDPDVNRF
2666,TPQRAGSPLPRSSS
2667,SSKRGRQTPVLYAMLDHSRS
2668,LTRILTIPQSLDSW
2669,AEQQWALYADGSIRPQ
2670,GRGEGGEDDRRPL
2671,IKKEKPFSNSKVECQA
2672,SRSGDLGSIAARVATQLP
2673,RDRSGLAPKRPG
2674,INNGLPPIQNTRNI
2675,ADTSRIGNCGPTIFLGVLED
2676,LEVTVMLNKRLPDSRTS
2677,DTIASGSQRSTNSAS
2678,RGLIVFHTSTEPSVNYDLFG
2679,FLAEGGGVRGPRVVERH
2680,AMGSKGNRTDSC
2681,GKPRGYAFIEYEHERDM
2682,AGELGQSRDVLL
2683,IELPKKAAPAKKAAP
2684,TVIESLESLNNY
2685,CEDTITYKCPLLRQNEPEDIDCW
2686,CKIPFEIMDLEKRHVLGRL
2687,QDVNCTDVSTAIHADQLTPAWR
2688,SESHNFDAVMSKLGVSWATR
2689,DGNPPEVKSVGLGNVNGVTL
2690,DGPQKSVSQGGVSLDLYSKL
2691,QTQFRPIQNVPGPHRTIHHA
2692,QSNQTNNEDNVRNN
2693,DAWREGEEFVVEFDLPGIKA
2694,EFRLYYYNKFKDIASTLNK
2695,EIGHQGITAASLR
2696,CYDLSCNQTVCQ
2697,HGTQCLAMGWGRVGAH
2698,DSVPKWDRLPC
2699,MPPYPTGGPPPV
2700,MSDTDIQDQQPDTVDAPQNT
2701,EEASVTVVEGQVDYY
2702,AEVLKDAIKDLVMTKPAPTC
2703,DTKTIINKVASVAENK
2704,VYYPDEIFRSDTLYLTQD
2705,DFTYDQVAFNGLPQF
2706,DKIRGEGMRYIIILD
2707,RVFEVGVIRNPGLGA
2708,RRRTPSPRRRRS
2709,FPTDQLTPDQER
2710,IGLDLPALNMQR
2711,TPCSAEEEKLPISP
2712,MGVFNYETETTSVIPAARLFKAFI
2713,LKPEEVAQEAAEEPLIEPL
2714,PGPSDTPILPQ
2715,KIRPRGQRDSSY
2716,LGGYNQYTFSEHSVL
2717,NTTVIVREIVGDTMKTTVTV
2718,GVSDYYKNLINN
2719,VARDDKGRRYYYLT
2720,STVSSEANAEDVVC
2721,AACDPRHGRYLTVA
2722,IQTAVRLLLPGELAKHAVSE
2723,FGKLRVGRLNSV
2724,RPDAEYWNSQKDLLEQKRGR
2725,RRREGPDRSPR
2726,AEERLLKRLFSGYNK
2727,GQFRVIGPGHPIRALVGDEAELP
2728,AAANVVKSGIFLSVAAGNE
2729,SVYYNEASSHKYVPR
2730,SWYDNEFGYSNRVVD
2731,EFAQHANAFHQWIQE
2732,DYVKKVNKATEAAMFLGWV
2733,GSVLSGFSKHFL
2734,GSNILSGFAPEF
2735,CNSRQTDREDELI
2736,QELECDWEEVTTSGPCGEES
2737,EIGRIATDQELDEML
2738,RGKGEGLPGMCGGALVSSNQ
2739,RGKDLPVLDQLTD
2740,AEIETDKATIGFEVQEEGYL
2741,ETTPAASPGNTSDGN
2742,QRVVFKYSQMINISDYINR
2743,DQSIGDLIAEAMDKV
2744,FDHKAFFTKVGLAAK
2745,SFCQRVRSGDWKGYTGKTI
2746,SGAVILLEFIPEIAIPVLG
2747,TLETCPDDFTCVKKW
2748,AIKKRNADAKADYEAKLAK
2749,LPQEWVLHFYQEAAPAQSDV
2750,KKWEGGGRRVTQYCS
2751,SSLRRQNSMRRNE
2752,AEKQKAAEATKVAE
2753,SWRNNILRTQES
2754,PIPAASQLDLSGWF
2755,NLVLNRDVSFQDL
2756,RRPFFHPVGEADYFEYHQEG
2757,VWYYSLEHSTDDYAS
2758,QQQTAPKAPTE
2759,THKVGTSFTFES
2760,PLLSAGIFGAKPLQSLQ
2761,SKPRAKSGARKSPKKK
2762,ALPFWNEEIVPQIKE
2763,ALSMSYNLLGFLQRS
2764,DTKVMKCVLEVISD
2765,IPPPPRGVPQIEVTF
2766,MERVVEQMCITQYQRESQAY
2767,SGPEGSGGSGPQRRGGDNHG
2768,GRGRGRGEKRPRSPSSQSSS
2769,SPSAVPTDHGAHLSL
2770,VDDPRSEEDKRFESHIECRK
2771,TFLNSKKEIVDRKYS
2772,DYVSQFEGSALGKQLNLKLL
2773,APDDSFKKLEDRFTNLKF
2774,CPLPPPRSPPVPPPRK
2775,ANGILNVTAVEKSTGK
2776,GAYGRCPNGTRALTVAELRGNAEL
2777,EEAILRPLRVQGKRAK
2778,TKAIINYQYNQYTEEEKNN
2779,SDIKTTTSSHPVSSLT
2780,GKAKTKAVSRSQRAGLQFPV
2781,DVSEKSGNFKHLREFVF
2782,DGDGAAAMRYTEARMTK
2783,RSILPYGDSMDRIEKDRLQGMAP
2784,EEIKMDISKLNA
2785,IVVQGAGKNVVFDG
2786,DTQGSNWIQKETLVNFKN
2787,QRMSNASGGGGGGMRQNE
2788,GGESSEELSESSFFNLIT
2789,GGERRRPPLGVREGRGRT
2790,MDASEGTNYTCCKLQ
2791,YDGDHQIVQSGAILRHLARK
2792,QGILFLQWVRDIIDDF
2793,YDDAASESSDDDDIDALI
2794,AKSCQAQPTTMARHPHPHLS
2795,ALINNQFLPYPYYAKPAAVR
2796,PEPAKSAPAPKKGSKKAVTKAQK
2797,NWFDITNWLWYIKLFIMIVGGLV
2798,IVQNNDSTEYGLFQI
2799,DEGPKDITDSLPAPMWRDKA
2800,FVLPQDRKIAIQAVLEKIQT
2801,VESVAPSVEESVAPSVEESVA
2802,AGVRRGDLAHLAAAHARHLP
2803,ITVKDGKTLNDELEI
2804,PCSLKCPYLGCQSWTCPYTGAVS
2805,MSWQTYVDEHLMCEIEGHHLASA
2806,LEALADQTDALQSEEAAVVK
2807,IDIVVGKAATFNLKASDLSGP
2808,VLIELEPPFGDSYIVVGRGE
2809,PEYTYHGIPCDCGRN
2810,YCAPLKPAKSA
2811,KGKSLLFKTENGVNMC
2812,GKAMYAPPIRG
2813,LKGTYYPLTGMSKEV
2814,QKALNEINQFYQKFPQYLQY
2815,NIKAQEKFLQHDLLFKIN
2816,NDGRLIEKTCMYGGVTEH
2817,IPTSYCGYADYKKKPRLFGHP
2818,IPTSFCGYGDYLRKPESFGKA
2819,NKNIDLFGTNYYYQCYFS
2820,SQSPSTEITLKYPG
2821,WIARFDTDKDGKVSLEEFCR
2822,STKAAKKPEAKREAI
2823,GDTMKTTVTVDDVTAIRNYKRL
2824,PKRLTATTEKLEIGWK
2825,KHARKERNITGGH
2826,ADLSLEKAANVQWDE
2827,GVSTITADEIR
2828,GTWVAGVFVYGGSKTSLYNL
2829,GQNVLSADFTPG
2830,GQSRDVLLAGNA
2831,GTRTIASPKGPVIQ
2832,QLIRAAEIRASANLAAT
2833,TGSQDFFVRSIG
2834,DPLLRTAPGPGEVWVTPVIGSQ
2835,DANFDSIRVDAVDNVDADLLQ
2836,PQQQFPQQQQFPQ
2837,RTCMTTAQGTSMYPSC
2838,SATAIFDTTTLNPTIAG
2839,GKVYLVGGPELGGWK
2840,DYGGDSTTPRPRYNATTYLP
2841,MKTMAYDCEVEKT
2842,SKDEIDSAVKMLVSLKMSY
2843,AFFSILQDMRNTIM
2844,PNKTACMYGGVTLHDNNRLT
2845,TYKTGHGLRGKLKWRP
2846,GFINKVYYWTVDKRS
2847,EDDSKDDMEFKASPS
2848,HTRALPTSVVF
2849,KNVSINVELYFDAT
2850,LYATFDEFPPP
2851,YTWFTMEALEETWRN
2852,ASFKKNIGRNRSPDI
2853,ASFDKVKGDPVGILYAVFKA
2854,CHSSALELLQEVIIV
2855,DAYVLLSEKKISSIQSIV
2856,VSTQSAKNPPGATVP
2857,YSNISKDRRYADLTE
2858,SESQTLDKVYQM
2859,CGRSMEGYPFNPCLT
2860,LLQDFFNGRDLNKSI
2861,TSSKAKELKDRHRDFPDVIS
2862,KLEEQNKISEASRKGLRRDL
2863,GKLEYSYCAPEAGWQCA
2864,WMNSTGFTKTCGGPPCNIGG
2865,GLYSMLVERDHK
2866,FIEDLLFNKVTLADAGF
2867,GSINTGWFNTGNANTG
2868,RAIFTGYYGKGKPVP
2869,RAEIENLHRTFDPHF
2870,VLNENLLRFFVAPFPEVFGKEK
2871,PSVYVRQELTPDQR
2872,PLENRVLTGWGLNWDLGLSQWAR
2873,EFNNNSLSDKYKNKNIDL
2874,DMMPESGEKFYPTKYLLI
2875,LAMVEADLERAEERA
2876,GMLATVAFNTFTDNVDQR
2877,LLKRYSEMDDHYECL
2878,DANLVFEEFARHNLKDAGEAE
2879,PAELMRRFELYF
2880,QINSLSYSFYNHSLFRIL
2881,TALKKAITAMSQAQKAAKPA
2882,VPTIAHGDGRRPSKQRTFI
2883,LQQHNIAHGRSQVLQQSTYQL
2884,DVLEATYAMVQHVAK
2885,DSKLTLILVKNGGIV
2886,EFSSESFLENKSSVD
2887,EFSLPTHHTVRLIRVTASPSA
2888,TGDVDRAVYWHL
2889,ILIEMFNKYNSEILNNIIL
2890,MSENEIQDQQPSDSMEERGG
2891,EECDSELEIKRYKNRVASRKCR
2892,RDKSSTENDESPMKPRHSIASR
2893,KKPPKQPQPRLRVKTPPPVT
2894,WRSTRDAFINGAY
2895,AEEQARHVKNGLE
2896,LDIDIDPKVKVATLS
2897,LEARKAADTFNFKTF
2898,LEIGWKAWGKSILFAP
2899,GNVKITVNGQTVRYK
2900,NAINPRLTPWTYRN
2901,MSLLDGRGPVRFVLA
2902,ARAAVDTYCRHNYGV
2903,CPRPPRAVAYYGPGVDYK
2904,EMPSEEGYQDYEPEA
2905,AHSKEVPALTAVET
2906,NEHPVFAYLKDKLP
2907,SAQEDLGDDTGIHVIPTLNG
2908,KAVAASKERSGVSLAA
2909,KATLVCLISDFYPGAV
2910,VSFGVWIRTPPAYRPPNAPIL
2911,VSFQYNAVGPYLNINFFDSS
2912,RCAWEETKNIINDFLEIPEERCT
2913,LRTGKKLELDATNAPAPANG
2914,NPQLGISPSNPSEIT
2915,LKDRMNFDIPEEIKQL
2916,KLAKYQADLAKYQKDLADY
2917,EDQAMEDIKQMEAESISSSEEIVP
2918,RPPLTVDPVGPSDPSIVSLVEE
2919,EQAPEYRGRTELLKESIGEG
2920,FPIDSSCNATQY
2921,AMDPIYDEPTTTTSVPL
2922,LSLLRRQVNEVA
2923,SGIPYIISYLHPGNTILHVD
2924,GLKKMLRTCAVHITLDPD
2925,GLQTSQTCPAGQKIC
2926,MVAFKGVWTQAFWKA
2927,ETLSIRGNNIRYFIL
2928,AQPGSGKGKVQFQGKKTKFASDD
2929,NQAQVQRYVACHTEGKAKL
2930,LEQQNKEANNRAEKS
2931,RYTPGSSWGESSSGR
2932,FRDLTWCINPPERIK
2933,CDLPQTHSLGNRRALILLAQMGR
2934,VAGRKKLEELERDLRKTK
2935,TEDSGLTGVKDSSS
2936,HKVNSQVEAGSKATWN
2937,NYPASDDYRASASNGSDDASAH
2938,NSSPEYPRKEFASSSTRGRS
2939,PGAEIEIIAEVHPPPVYEGPE
2940,MKVIDDVQQLEKDKQQ
2941,QVVKQPDYLVVPGEVMEYKPRR
2942,DIQKVAGTWYSLAMA
2943,DVFQNGFTAWGNND
2944,DKEYGVLNNSD
2945,TTDRFGVPTYSWGENETDVLL
2946,DWDFLQLQCALYINS
2947,RTCAVHITLDPDTANPWL
2948,VPCSTCEGNLACLSLCQ
2949,AVDTGSGGGGQPHDTAPRGARKKQ
2950,MEDLQKALEAQSRALRAGLAA
2951,CTPPALNCYWPLNDYGF
2952,ATPKKSAKKTPKKAKK
2953,MQTLWDEIMDINKRK
2954,TNDDDVKKAATVAIA
2955,WWHYNCLLWGEAQV
2956,TKTVNENKQNVDAKVKA
2957,ASMLGTVTNSPGVPAVPWGA
2958,DMANPMSPVNKSFEIEVTCS
2959,DCLTESNLIKVR
2960,TEAAILTQQAAQFDQ
2961,GDPIADMIDQTVNNQ
2962,ATALDTSNKFADFLQI
2963,FSYLNHLITNMAQRT
2964,SLAQVKYTSASSI
2965,SLAMAASDISLLDAQSAPLR
2966,NLNFEMYGAVYSVN
2967,ETIIQIIEYGKKFNSSAGD
2968,RYNLVFSGDSDRICSNRA
2969,TFNFDNEPENISIENLSSD
2970,VYNKTISGSGP
2971,PPAVGPPAAGPPAAGPPAAG
2972,CALVATIWFPVCAHR
2973,YFKDCLFKDWEELGEE
2974,GIRKFAADAVKLERM
2975,SRTRTTSVGDKQVASKV
2976,TANINGECPRELRVPGGCN
2977,IKGANDLAKFHQMLMKIIMK
2978,MGGAAGGMPGGMPGMSGMSG
2979,VLVLNPSVAATLGFGAYMSK
2980,RREILSRRPSYRKILNDL
2981,PVLDSTIDYFQPNNKRNQLWL
2982,EAAEAFLGFSYAPPTDSF
2983,YLVKYLCKIARSQDA
2984,IDAVNKRGRKQNKRG
2985,IDCCEICCNPACFGCLN
2986,EESLEVDTNPLLGAGKFAT
2987,DLVLYNNADGDFAIVH
2988,PENAKEKPQEGTVVA
2989,VMTALIKRNSTIPTK
2990,VMPSPKVSDTVVEPY
2991,LLCNNNNSNNYN
2992,LEDRSTQASLEEAILR
2993,GKVEVEGHLIDLKRVVL
2994,PWFLAHHTGGD
2995,AEAFRDDVRLRQIK
2996,ISPCAFGGVSVITPGTN
2997,TIRIPVHMIETINKLNRISRQML
2998,EPKLLAFSAPSPGDTVTAVKRSS
2999,ADYWAGELGQSR
3000,QAARQRLEPGRN
3001,FTRVALYVDWIRSTL
3002,PFGPVINGRCCLEEKVCSLL
3003,NLFKRIPAEDVPLLL
3004,ESSPNTQWELRAFMA
3005,ESSTVKAESSTVKAESSTIS
3006,SPMFIINRNTGEIRT
3007,TYLNFDKAVFKINIVPKVN
3008,TQYIRFSPDFTFGFEESLE
3009,WVIPERDTFTNPEEGDLNP
3010,GMPGERGAAGIAGPK
3011,QHSTPPKKKRKVEDPKDFPSE
3012,KEYLDKVRATVGTEWTPCSV
3013,QDGDQAPEYRGR
3014,QNGRIRLLQRFNKRSP
3015,DRNTQRQTVRYSVSE
3016,DLNLPRLNALSAWLL
3017,ALMRGKSTEEARKELQAAG
3018,AMLPYDQYLHRFAAYFQQG
3019,HPHEIILYYYELYPT
3020,AHPLHPANLVANTVNAMFH
3021,YIIDHVDQHNATEIC
3022,GSHSLRYFYTAVSRP
3023,KNMSTYVDYIINQIDSDNKL
3024,IYLAANYGETRNATPITNKF
3025,CVSLLGASSVPPRPL
3026,SVTEEVVEEEGPVDEE
3027,ASLKDALLKYIYDNRGTLI
3028,PLKPTKRSFIEDLLFNK
3029,KIQRTQQEDSAVYLCA
3030,KFKGKATLTSDK
3031,LDFSLPSSSSYSY
3032,PHIVTPPSARPRIMAPPVVR
3033,SFGPAVIMGNWENHW
3034,IKKMLADQTVEEHIG
3035,MSDEGPGTGPGNGLGEKGDT
3036,GTVELLGGPLAHPFQPL
3037,VGPLEVIPEAVDPAGSSIV
3038,VGPLDIVPEVADPGGPTLV
3039,NNKSQSVIIINNSTNVV
3040,SAVSRPMIHFGNDWEDRYYRENMY
3041,ACSLPEEAHTAIHS
3042,LSGRPAIVPDREVLYQEFDE
3043,KQTGLDAKQQQILLL
3044,SSTRGGSRVEGIFAGLFMNA
3045,ATGGTLQQLFYSITVGQV
3046,TASITSPLTTQNTL
3047,TASGQKAEQDT
3048,TLVVNKLQGLLQVTVVTIPQ
3049,TLVVNKIRGTFKSVAVKAPG
3050,KKAPAKKGEKVPKGK
3051,RFLPKYEGNIDI
3052,QAWQVAAPCPGACVC
3053,RFWWENEGVFSMQQR
3054,SSHRGNICIGATNYVADN
3055,KVSEMEQLKKQIKDQ
3056,CSVSYLMKKMIPLAVEKLL
3057,QVMRQQCCQQLAQIPQQLQCA
3058,LADLVLIAVIDHVTDLDK
3059,GVSAAQEKISFG
3060,HNYGVVESFTVQRRV
3061,HQCDAGWLADQTVRYPIHTPREGC
3062,WGDSSKPVSSPDWNK
3063,WGPPSSSDPRGISSP
3064,YSIEFGTNISKEHD
3065,DVIAILPVDELKALFQEKLE
3066,MHTALTGATEIQMSSGNL
3067,LPWLPGADTQGSNWIQKE
3068,LGSQEGAMHTALTGATEI
3069,RILSPDRKRRQQYER
3070,PDSRAVTCGMASLSAEKV
3071,LNNTRPPQGNWFGCT
3072,ILPWKWPWWPWRR
3073,DKPEKTAAPASDPTGGMGGMDF
3074,GKSGDRSGYSSPGSPGTPG
3075,GLKGEQGEPGA
3076,EFVNLGANSIETDVS
3077,PKPKKDETIQCCTKNN
3078,VIIEKRGKVEVEGHLID
3079,APKKAVKKAVKAAKKAVKKA
3080,MKNYLSFGMFALL
3081,MKQYPSTSTTVEGHT
3082,RYETSNDNSLI
3083,YDKPYYMLNLYDPNKYVDV
3084,KDKKKKTDEAQPLPQRQKKQ
3085,WNPADYGGIKKIRLPSDD
3086,GLNTFTNMEAQLIRQMEG
3087,GLLVISGLFPVSIPITAA
3088,GKALYFLNDMAKTRKDIG
3089,ELAEKLEVEIAIKRADWK
3090,ELEKDEREQLRILGEKEA
3091,ELRRKQELAEKLEVEIAI
3092,SEHFSIHCCPPFTFL
3093,SGCFYQKKEEDWICC
3094,TVETQNLEGLHH
3095,GLMDNMRYLYDDKHVSEI
3096,DNENPLSGKAGGVVKVTYPGLTKV
3097,FRSDTLYLTQDLFLPFY
3098,EGENVVGSETRVKVVKNKIAAPFK
3099,YVPLGTQYTDAPSFSDIPNP
3100,GDKGEAGEPGERGLKGHRGFTGLQ
3101,FHISCLTFGRET
3102,SPTPTPGPSRRGPSL
3103,TPPPRRRRTVGLSE
3104,VKAYGLTNDEKNEILKRHND
3105,PLRNTHPQAMQWNSTTF
3106,GLLRYHTYARFG
3107,DTVTVEDLKQRGISAERPLVYISS
3108,GEECDCGSPENCQ
3109,MASENKQRPGSPGPT
3110,STEWRNREILVEFEEPHATKQS
3111,HRRTRKAPKRIRLPHIR
3112,EAPPPTLPPDMAQVTVGPG
3113,LFDYNEKVDNLGRSG
3114,IADYNYKLPDDFMGCVL
3115,VDKGHNYCGYPENLLI
3116,SISGVNPNNAAGLPG
3117,QDVFSATETSLWYDF
3118,AVNGNMALDDIHAQI
3119,EGASGATWVDLVLEGDSCITI
3120,QPADGSSAGGQQQESS
3121,EICVKFTRGVDFNWQ
3122,IFNSVFLDFSVSFWIRIPK
3123,VWAEAGFLAEAELLN
3124,QDCNCSIYPGHASGHRMAWD
3125,RIQRGSGRAFVTIGK
3126,QKIQRDEDSYGRDPYSPSQDPYSP
3127,EDSITIPYQGSGKGV
3128,DKIVLQKYHTINGHNAEVRKA
3129,AGAPSAEQRER
3130,REEVSFRVGLHEYP
3131,HTRLVSLFNTTLTGLHEVSA
3132,NTTDMMIFDLIHNYNR
3133,NGGYLAAGKLTWADF
3134,AVLAGGLYEYVFCPD
3135,GSMGVFFGGLGIGTGSGTGGRTG
3136,SPAQNTVSAISSILSKTGDP
3137,SPAQDIWGTSAAAYFVG
3138,CIIHRGKPFQLEAVFEANQNTKTA
3139,ALAELATKTFGSSGSSAVDS
3140,FRKRKNSTSLQSHIPSDEQL
3141,RKIPKRPGSVHRTPSRQ
3142,SVSEIQLMHNLG
3143,DPAPPNANDPAPPNANDPAPPNAN
3144,DIKKVFEIIDQDKSD
3145,STGADTGGDIVQQP
3146,FNDSQRQATKDAGTIAGLEV
3147,HTYTPHELTRVASA
3148,PGIKADSLDIDIERNVVTVR
3149,MMDPNSTSEDVKFTPDPYQVPF
3150,GSTMMQTKTFSSSSSSKKMG
3151,GEKTREQAVLFGVDHKLHKQLL
3152,GENKFVATAASV
3153,NISGQSPARTSSDPG
3154,EGEVAALNRRIQLLE
3155,ERIQWVGDPHRK
3156,GKCPKYVKSTKLRLA
3157,TTTCFRDTDTGK
3158,YNKRKRIHIGPGRAFYTTKNIIG
3159,SGKSTLARVIVDKYR
3160,PFGDSYIIIGVEPGQLKL
3161,FIGYPITLYLEKERE
3162,FGRSAYGGLQTSSYL
3163,SPSRLFDQFFGEHLL
3164,VAPGIVIPPKALFTQQGGAYGRC
3165,PVKPTAPTKPTYETEKPLKP
3166,KEENLVKSLVSAGSG
3167,SGYIPANTTIPF
3168,KLRNTDGETNKG
3169,HHPITDSDQTRLY
3170,KQYSIEAALRCRRISKEEYH
3171,RGRAGRRRYAHPSVR
3172,QEIDYKVRNYLLKHKNLY
3173,ADQTVEEHIGYLVKY
3174,ETHVTGGSAGRT
3175,GYSKNGANRWYDKSLQFVVGRDAT
3176,NQNNLPNDVFRE
3177,FTPGTEYTVEVR
3178,PAGGAVAVSAAPGSA
3179,PGSSPMEVMLRAVF
3180,IFFYDPITGGGS
3181,IFGVDANTGNVL
3182,DNPASTTNKDKLFAVWKITYKDTV
3183,GWAGYWRGSNHS
3184,DGNINLTDTSTSNKS
3185,IHQLIENADACFCID
3186,WPTGRGIYHNDNKTF
3187,IGVIVTTSTNDWVVT
3188,YHLENEVARLKK
3189,AHCLRDIPQRLVNV
3190,QQKKEGPIPPDAQNP
3191,YEKIGAELVKEVAKKTDDVAG
3192,GIAIPHDIDLGESRVVIQDY
3193,RSFTLASSETG
3194,SAKLAEQYDTFVKFTYDQ
3195,PTGTAAANYKTP
3196,PPALPIWARPDYNPPLLESWKDPD
3197,DPGTNTTTEDHKIMA
3198,NEAALKELGEVAVHKDS
3199,QVLDSHYQDVLKEV
3200,RLPKKVFEAAVKSIKAASS
3201,QVLDDHYKTALKEV
3202,LHGEESERVAQRAGE
3203,TKKPGGPGKNRAINM
3204,PMILTITLNGTSEST
3205,CVSIPCRFDFPDELR
3206,RAPYNKNNENINPNR
3207,TPEMDIPGQVNNLMEIAEVD
3208,PWLAWHVAANVSSVTDRS
3209,LSHIGDAVVISCAKD
3210,QPLGVGISGHPLLNKLDDTE
3211,QTLDHNTMYWYKQDSKKLLKIM
3212,LTEPTTEGDQHPGTLPAANT
3213,QEGILEDMPVDPDNEAYE
3214,NKSEVPLDICTSICKYPDYI
3215,NVRRLNINRKDYTGIYQVP
3216,QEILPKFKQIMDEEKE
3217,SEISTGLVGITSVAS
3218,GCAVTCPKPKKDETI
3219,NFVPTSVTEGRTDITTM
3220,KDGKFAVKDGEKEK
3221,FFVQYGGAYKRH
3222,AAKPKTAKPKAAKPKK
3223,YQVLNKWTLGQVTCDL
3224,YNLKWNPDDYGGVKKIHI
3225,YNAEEVEFTFAVDND
3226,LLGYKKGEGNTCVENNNPTC
3227,LLDRKSGKQYSIEAALRCRR
3228,GNEGRGYGGRGEG
3229,EIPYVKEVEAEDLRECNRIVFGAS
3230,KNESKYSNTFINNAYNMSIRRSM
3231,TTKARATSPTTRNL
3232,TVPDTKVNFYAWKRMEVGQQ
3233,VSGLRSLTTLLRALGAQKEA
3234,RALGLPPFLNSLPQS
3235,QGETEEALIQKRSY
3236,EIDSLFEGIDFYTSI
3237,ENAYVSVVSSHYSRKFTPE
3238,GKSKRDAKNNAAKLAVDKLL
3239,EGKVSTLPLDIQIIAATMSK
3240,RRKRELSHTRKKR
3241,VLLQMEEKAWLVHRQWFL
3242,VKEIAETQHGTIVIRVQY
3243,VFTSIGKALHQVFGAIYG
3244,VSGGSWVDIVLEHGSCVT
3245,YYVFFEEQEDEIIGFGQELK
3246,ADEEQQQALSSQMGF
3247,ADEELLKNIKNETGFQAQVVKD
3248,SSPSNVKSASPHGES
3249,DHEGTHSTKRGHAKSRPVRG
3250,SQLAKLGINPYTHWTVADEELL
3251,SQKSADQSIDFGQL
3252,IAPGQTGVIADYNYKLP
3253,TAAQITQRKWEAAREAEQRR
3254,EPEQVELQPPPQGG
3255,GANAPNEKSVKEYLDKVRAT
3256,EPERTAMKKIQDCY
3257,STLQVSDVDKLVCRD
3258,QRQKKQPTVTLLPAADMDDFSRQ
3259,ETVKTNKKNVTVQELDLQAR
3260,ELDQENEAALENGIKNEENT
3261,GQLFTFSPRRHWTTQDCNCS
3262,DSLSEEEKELLNRIQVDS
3263,QWVMAGLVSAA
3264,DAKMTEEDKENALS
3265,QKIGIEIIKRTLKIPAMT
3266,YLLYYTEFTPTEK
3267,LPHSNLDHILEPSIPWKSKLLTLV
3268,LRDFITKWKGDDHLIRPYVNQS
3269,DIFTNSRGKRASKG
3270,APPPPEHRGGPEEFEGAGDG
3271,VQYNLSHSYAGDA
3272,PDSEPTKTNGKCKSG
3273,MSDGAVQPDGGQPAVRNERATG
3274,AKQYNICCKFKELLD
3275,PSTSSKLRPRWTFTSPPVTT
3276,GPLTVAQKKAQNIME
3277,GAKERAHQQKKHSGFEDELSEVLE
3278,DVRQQYESVAAKNLQEAEEW
3279,EDTYRFVTSQAIACQKHTPPA
3280,AAVLNLTTWNPTLL
3281,GGPIGDTLEKISNEIK
3282,KQSYAATVATAPAVKYTVFE
3283,ELFTNRWNLQSLL
3284,TAKAEYETKLAQYQAELKR
3285,YDNAYCDKLCKDKKA
3286,VKEGPYEGPVKKPVA
3287,GTPNPNPNPNPNPNPGTT
3288,HIRLSFNPTQLEEQC
3289,KLNDLCFSNVYADSFVV
3290,RGFEVVYMTEPIDEY
3291,GILGFVFTLTVPSERGLQRR
3292,EPLGLQCTFINDFFTYHIRH
3293,GAVIIRGHLRMAGHSLGR
3294,IMSALAMVYLGAK
3295,IMSGEKPTVEDVVN
3296,HEIAWFTERSDKSYEHQT
3297,DFVYMSPFYGYREGSHTEHTS
3298,EPQVYTLPPSR
3299,SQADQGSFYVNHQILFLHLK
3300,DHLKRVKDLKKRRRAQ
3301,ATEIQMSSGNLLFTGHLK
3302,YVTSHGDHYHYYNGKVPYDA
3303,KNGICVSSDQN
3304,RMVECSGKQDCP
3305,PSHQQPRKIRPEGRE
3306,QEGPEYWDRNT
3307,NILKDNQQKIEKAIEEADEF
3308,EQLRILGEKEAKLAQQSQA
3309,ERADLIAYLKKATNE
3310,EPVSIECGHSFCQECI
3311,SIAFPSKTSASIGSLCADARMY
3312,VTLRIRNVRFSDEGGFTCFF
3313,TLKIPSVHFGSPSGS
3314,VVTHEMAHALG
3315,YGDNAGRILAGALAT
3316,MASLSRPSLPSCLCS
3317,NICNISCDKFLDDDL
3318,NNKIWCKDDQNPHSS
3319,NPHSSNICNISCDKF
3320,SKLNESINKAMININKFLN
3321,VEILRNFYFINRLTG
3322,IVSFGYSLYAGWIGA
3323,LGQQQPFPPQQPYPQPQPF
3324,CKKNMEGKVVLPENLEYTIV
3325,SAPQERLYSTWIGGS
3326,KASAMYSGKGPLNDLRVKI
3327,LECHNQQSSQTPTTTGCSGGE
3328,AARGRGRGMGRGNIF
3329,KPGPDNSTHNTPVYK
3330,PGTCEICAYAACTGC
3331,AKPTTTTGNAVAPSTLT
3332,FKKDEIDMSFETNKK
3333,TPVGLAVDTPWVEKESALSI
3334,TPTPVNPSTAPAPAPTPTFA
3335,RSNTTGTLIWKV
3336,KVLHKRTLGLSAMSTT
3337,AEEAFDLWNECAKACV
3338,HIPYKISASTNCATVK
3339,EIVDLDPKLKQINLI
3340,AALGHQHAHNEYQAKLAEKD
3341,RRKPKDEGAGVDKA
3342,GLMVWCIENGTSPNVNGV
3343,HWYRATHQEAINCYANETC
3344,HWWRAESDEARRCYNDPKC
3345,GPVEDAITAAIGRVA
3346,KRLKISKKPKDPEPP
3347,DVKLRWNPDDYGGIKIIRV
3348,FNVPIKEAGEDCHAP
3349,EMKLRPSNFRNLEGRRKR
3350,QLPEEARPAAGTAC
3351,ARVEQRTDLDKLVIEMETNGT
3352,MNRTQANLAEGPPAK
3353,SEYLAHRRIPPENIRRVTRV
3354,NDPQYQAELPEGSDTSVDAV
3355,CYGVSATKLNDLCFSNV
3356,GLARTTADRQTACNC
3357,ERDPANIPWDKD
3358,KQQGYKGAGGY
3359,MRMKHVRAWIPRPMR
3360,PGKVGPKGPMGPK
3361,EYEENLGDSIVGYKEKSKFQD
3362,LRGSGDLQEYLRHVTR
3363,RTLTGMFSLGARQKI
3364,AFRGHIAREEAKK
3365,ESSVDRRPMETVSKDS
3366,KLSQTSNVDKEEEAV
3367,APGAPAPGQAPAVE
3368,LYPTNVNLFNYKYSL
3369,RDYFEEYGKIDTIEIIT
3370,IKANIAEANSDYDREKLQERL
3371,GNGLGEKGDTSGPEGSGGSG
3372,PSAEECGYSDRVRSITLGNS
3373,LYCGGPMFNSKGAQ
3374,LYDAAKAYAEQLKENGVINY
3375,SYSVQDQYQALLQQHAQYLK
3376,RKGHFLLSSKSGFWTIWL
3377,LKGTDISLKAVNPS
3378,LPKPPKPVSKMRMATPLLMQA
3379,YIWPRNDYDGFLENAHEHHG
3380,INEPVQVDIPNNPVREGRNV
3381,GSQLPCEPEPDVAVLTSML
3382,PEYWEQQTRIAKEWEQIYRVDLRT
3383,QKQEKKRLKISKKPK
3384,GRVSTEVDARLSFDK
3385,LEWRNTSGLYVLT
3386,LGSINQAMVTRCEPVVCYLY
3387,MHQKRTAMFQDPQERPRKLPQLC
3388,QDLLQNLRDKGV
3389,EHSGQAAWKQVV
3390,WWEEERYPEGIKWKF
3391,SDEESSNAAEEWKYVAMVIDH
3392,SRYSKKFKPEIAARP
3393,VEPGDKITFEATGNL
3394,VQASNGPLSASDASAL
3395,MKRSGYGQPIA
3396,YNDNKTVESKSINVEVHL
3397,YETGYIKFIEGNGHSFWY
3398,YQCYFSADNMELNDGRLI
3399,LEENAGGEQEERGQR
3400,EKYRGRDAPTIEAI
3401,GALRNYIGESSPA
3402,RIRADFNASMDLL
3403,SNAYSHFYDGFSKVPLKDQS
3404,MKTFLILALLAIVATTATTAV
3405,GKDLKRPGSSPME
3406,RDQFIATLREMIARD
3407,APGEKDGKIVPA
3408,TKKFDEVVKANGGYL
3409,VQHLSDLKGTDISL
3410,FFRMVISNPAATQSDIDFLIE
3411,MNYLLFCLFFAF
3412,ALIENYTDVFDDTQVEMIDEVTN
3413,DREQYGQYALAVRGS
3414,EQGSENEEIFVEEVSA
3415,VPASPPASLLPPASESPEPLSQQW
3416,EQLAGNLRENIE
3417,ARQPYGFFLETEEVYQPG
3418,RRKAHAGNKKAEDLTMDDLE
3419,PTYRSHLGFWQEGWSGQVYQDWL
3420,QQTRANPNPYTSRRSVAS
3421,METMKLMMEKVD
3422,METIKSIADMATGV
3423,TNINSDSQGRQQMT
3424,FGAEILKKIPGRVST
3425,FHAIDEYKPQDATTN
3426,SNVYADSFVVKGDDVRQIAP
3427,SFCQECISQVGKGGGSVCAVCRQ
3428,SIVPALEIANAHR
3429,NKAPESEELEM
3430,YNSSSNTTCVNWNQY
3431,LDKKVGAERNVLIFD
3432,PVEVSRKNPKFMETVAEKAL
3433,SPHQILDGENCTLIDALLG
3434,AKEASSYDYILGWEFGGG
3435,KMFGEVKYFFERDP
3436,RAEFAERSVQKLQKE
3437,QLENDLDQVQESLLK
3438,TVAGCALPPPKKTP
3439,DPRILPFTSPSPGDFVDVERRSS
3440,TVAEEHVEEPTVAEE
3441,FQTGGIGNLPVRNWTFDFGTL
3442,AGPKAQVEAIQKY
3443,CDTFRHALMTWGDKF
3444,VEEERFHQQGAPRA
3445,FAGAAGSAKSAAGTASHVS
3446,GGSPEKHHCTVKLEFAGAA
3447,TAIPSCPEGTVPLYS
3448,IENARQGAARVTSWL
3449,DKENALSLLDKIYT
3450,SPYRGSSILWRIHAASALLMMP
3451,KDIKKILDSVGIEAD
3452,TALYLVDGMTNTIEN
3453,AQPGYPWPLYGNEG
3454,KRFDEGQKFECGNDK
3455,ANPTRQWIERPTTVNF
3456,ANDQGNRTTPSYVAFTDSERL
3457,ANDVDNSNPVVQAEQLNWL
3458,IDVDVSKPDLTAALRDVRQQ
3459,SFANTNTNTNSK
3460,YFSMVGNWAKVLVVLLLFAG
3461,NCDRTAALCFGRAPYNKNN
3462,TQSDIDFLIEEIERLGQDL
3463,KDPAERLGCRGGSAREVKEH
3464,DAGPYVSPTFFAH
3465,SLDQRPYCWHYAPQPCGIVP
3466,EFNSSPYETGYIKFIEGN
3467,RAILTAFSPAQDIWGTS
3468,NEWGCRCNDSSD
3469,NEYIEKANITTDDK
3470,AASEALDPHAFHLLLNTYGR
3471,CPGHANRKQCGG
3472,SHQHTDSNPSAT
3473,RPFYQGPVGDPD
3474,SGETTTAAGTTASPGAASGP
3475,PPDQLVNLHDFRSDEIEHLVVEE
3476,RSGVSLAALKKALAAA
3477,ASYQEALARLEEEGQ
3478,KPTTKQRQNKPPNKPN
3479,KINEESLDRARRLL
3480,NTECTLKKGSSGYCA
3481,KGIIDPTKVVRTA
3482,TSQDGNNHQFT
3483,GLFEFYKLLCVRGIITSKT
3484,GHEVLNLTRNGYGSTQYIR
3485,GDLNPPPEAKQVPVSYYDS
3486,RHQREITRTTLQSDQ
3487,TGALDVIRNFTLDMI
3488,PFTIKPLDRKLILDS
3489,KANGNGSGDNGDTTW
3490,PYCYNNDSKNSMAESKEAR
3491,MQYVYTPTYYML
3492,KRAVHDVVLVGGSTRIPKVM
3493,ISQAVHAAHAEINEAGR
3494,GPSNSEQIPALTAVE
3495,ASRETKELRQEERQP
3496,TNGIQHAMYLRGISR
3497,FADKPDESTLSPEMKEHYDK
3498,GFTWTGVTQNG
3499,ESLTTTSTALGKLQDVV
3500,ELRYSWKTWGKAKMLSTELH
3501,KHIDAYKTFPPTEPKKDKKK
3502,VEQHNPINAGTELSAT
3503,NKPTGYGSSSRRAPQTG
3504,LNIEKYQIHRLV
3505,MACMSADLEVTTST
3506,KERESQIREQYDQVL
3507,QTCSPLRVNHAVLAVGYGTQ
3508,NTRNIDATSTGN
3509,GTAHGHPHEIILYYY
3510,VPQLEIVPNSAEERLHSMKE
3511,MSSSPVKRQRMESAL
3512,CAATCPTVKPGVNII
3513,CASGETICYKTFWNT
3514,LNHLKSEMEQRLRERDEELE
3515,QLERISVYYNEAYGR
3516,AAAGAVVGGLGGYMLG
3517,YESIGGSRTSGPENTS
3518,ANSIETDVSFDDNAN
3519,TPSMDALSAQLYSSLSLDSP
3520,YVATRSETDYYAGNSPPQ
3521,AAVIEKLEAGFKKLE
3522,EPSALVFSTPTPGDKVKVTQRST
3523,MINVQAKPAAAAS
3524,NGTLFSWLPALASNFDQ
3525,RYLYDDKHVSEINIKAQE
3526,VEELKLFLQNFCPKARELTDA
3527,VKDELNTLLKENGVDL
3528,AELDRQIKSFRVASN
3529,PDRGACALGKKPAE
3530,TQLTSSYEDYML
3531,QISYSCNVLIYPS
3532,PTEGTGDWSSEEPEEEQEETG
3533,QDEMKKDDQIAAAI
3534,KYTMFHYLRAQEFEHGKSR
3535,KYTVIITVHTGDQHQ
3536,LWTVLDAIDQMWLPV
3537,EEEGLLKKSADTLWNMQK
3538,EFTYMINFGRGQNYWEHPYQKS
3539,TLIDINGKTKSVFFEYNIR
3540,RNFTTAPAICHEGKAYF
3541,SFGAYGAQEEAQC
3542,CPTMTRVLQGVLPALPQVVC
3543,EEEEEEDGFMGFGMFD
3544,EYLNKIQNSLSTEWSPCSVT
3545,KNLDIDPKLQEYLGK
3546,SVYDVSILIPII
3547,DPALLLMHELIHVLHGLYG
3548,THDALKAVKQLIKT
3549,MRCIGISNRDFVEGVSGG
3550,NRDFVEGVSGGSWVDIVL
3551,NLEYTIVITPHSGEEHAV
3552,ERLAQHMTDFDVTHHR
3553,MESLSEETKKDIFGEVYTDSIGKE
3554,GRHNSESYHAGF
3555,EFALTAVAEEVNAILKAL
3556,PFPQTQQPQQPFPQLQQPQQ
3557,SAPLKQIAANAG
3558,PAINVAMHVFRK
3559,ELRDKKQKVHALFYKLDIV
3560,GAWYIIPILMIYIVI
3561,IRHQRSQTECG
3562,IKKQIPRCKDAFNKIES
3563,RYIWIKYFNLFDKELNEKE
3564,TFTMDGDTMTMLTESTFKNL
3565,MSFEAAHEFCKKEGS
3566,YAQYMSRAYAEFLGEDPGSG
3567,MWGRALRKAIA
3568,VGFHDGPNRHTCTVAH
3569,AMIAATDAEEPRKAFQ
3570,KTEMLGNEIDIECIM
3571,SEHETRLVANLLENYNKVIR
3572,SEHETRLVAKLFKDYS
3573,KQLATKAARKSAPAT
3574,KPEQLNKASEFTGLMDNM
3575,FRREKPFPHRMDCVTTTVENED
3576,KNNSTDNSHNILIKVFEN
3577,EMRLEKDRFSVNLDV
3578,VALGPQGRRRYYLT
3579,NSYDVLSALSGNLKL
3580,NPPLVETWKKPDYEPP
3581,SAYTPAYYTKDTNNNLTL
3582,SKRYAKAMAKMGLK
3583,IPEEIKQLQQFQKEDAA
3584,DKDAFGGVYSGPSLLDVSQT
3585,PAGRNNDGGSSAPTPK
3586,EEEEYMPMEDLYLDILPEE
3587,PIEKFPVTTQTFVVGCIKG
3588,PEEPVSQRASRVAEQL
3589,PFSGKPLDERAVGGKG
3590,DAEKAVEVDPDDV
3591,IRSEELSFTVVSNGA
3592,CSFSKSSNSWFPVEGPADICQCC
3593,CLTFGRETVIEY
3594,ISEYIEEVFLPDDCF
3595,KDIRAQYEKLAAKNM
3596,KDTIARALPFWNEEI
3597,TLVCLATGFFPDHVEL
3598,DHSDLVAEKQRLEDLGQKFE
3599,RCEPVVCYLYGKRGGGKSLT
3600,YESNHLIDLSRYASKINIG
3601,PPPITQGECKQL
3602,CGDRGFYFNKPTG
3603,CKPISGHNSLFWYRQT
3604,DGERVPKNNRLSKKYSELSE
3605,AQFDQIASGLSQERN
3606,KAKLPQEVIDYINDPRNDITV
3607,KLQKKETECEEEKGPL
3608,KMDKKYSAHKMKCTEV
3609,VQCFGHISGGHINPA
3610,TPADPAASSSERG
3611,NERLAKLSDGVAV
3612,LVLGENLDTERILASYQEGV
3613,FCPDVEFKRRFKEAFSKAAQQTKG
3614,GDNGKGFFELPMKD
3615,YRDHSEKKELPQDEQQDQDH
3616,TSLNDRQGNATK
3617,RLNIKITPNLVSKLL
3618,GRGDKQINHHWHKA
3619,EVNQIVTTNVRLKQQW
3620,ANNGNLQLRNKEVTWEVLEG
3621,HGRLVTLKDIVLDLQP
3622,TIQGQVSALQTQQAE
3623,GDEGGDGDEGEEGQE
3624,HGPKATLQDIVLHLEP
3625,DRDKFVIFLDVKHFS
3626,HQEEDFRVTCKDIQRIPSLPPST
3627,HNNAHYYVFFEEQED
3628,SSYAKVSICLPMDTETPLAL
3629,AEEVKATPAGELQVIDKVDA
3630,RTSYVMTFLWSLNA
3631,ALPIQKSVQLGSFDKV
3632,AFPAESKSVIIGCTGGSPE
3633,KQIVERILEEE
3634,EPTPNAYYEGVFCSSSS
3635,GAAALRAHVSGRRA
3636,EPTAAAIAYGLDKVEDGKER
3637,FSTAHSSAKSRRVGQLGVIP
3638,GFYPGSIEVRWFLNG
3639,QIHRLVSGYDND
3640,GSLVDEFKELVYPPDYN
3641,APNEANFFRNISGNM
3642,AVHGERLHLFCEKDGKALCWVCAQ
3643,IALNDHFVKLISWYD
3644,EHPVTGCGERTEGRCLHYTV
3645,WYFDVWGAGTTVTVSS
3646,YIKNIINTSILNLRYESNH
3647,DNGKAIYERARERALQELGP
3648,QYNTGNFSDGLYPFTN
3649,RTWLSTPEKYRGRD
3650,AKFSDTIGKRDEQIT
3651,KFAWAIDMADEDYEF
3652,VSVAFGNPGDTPVTG
3653,NQNPGSPRPGSTGTWNPGSS
3654,PAAVTLAEADRT
3655,ACHNTSKPSNTDSVFSLTGK
3656,ACKQNVSSLDEKNSVSVD
3657,PLTDFDQGWGPISYANGSGP
3658,LSEIKGVIVHRLEGV
3659,KKFKPEIAIRPKVRD
3660,LSEALRIIAGTLEVHGVKPA
3661,NSGCFRHLDEREECKCLL
3662,LHRRLAGQFLEELRNPF
3663,GRAKLREAGKPKAKHTNHG
3664,GVELNDKNQFKLTSSANSK
3665,TRVGKYRPQDKPNTAINYNPWIG
3666,IRLPSDDVWLPDLVLY
3667,LLDKIYTSPLC
3668,TLHKAFKGSIFVVFDSIESA
3669,VFLRRKNGRENFYQNW
3670,PSGASTGIYEALELR
3671,MGPRRRSRKPEAPRRRS
3672,AVCRTSMCSIQSAPP
3673,KALENKKKQLSAGGKNLS
3674,REWIKFAAACRE
3675,SVTEEIAEEDKSVIEEAV
3676,WSVCVGLTTYVNDYVLPYLA
3677,IMDINKRKYDSLK
3678,CTLIDALLGDPQCDGFQNK
3679,EKPFRFHPEHFLDAQGHFVK
3680,EKKLDILKVNISNINNSLDKLK
3681,AEKKVEAKVEVAENNVSSVA
3682,RVPRISCGINYG
3683,SAGALQLLVVGC
3684,GNQHVDDRPSPAPAPKRALGTL
3685,CLQMNKKDMVAIKHLLSE
3686,GDNNTYGGWFKDGQW
3687,ECKETVPMNCSSYA
3688,KEEDDADATEVTSAG
3689,NLGSFLDIILKGPELG
3690,DSGERLMQPTQMSAQ
3691,ELKLAALCHGEDSIT
3692,GNNSLYRDTAVFECL
3693,METTMRSPVFTDNSSP
3694,DAKDALEPYWKSDS
3695,DAKDGKEIDTKHLPSTC
3696,KGDKAQIEKRIQEIIEQLDV
3697,VVSTDEYVARTNIYYHAGTS
3698,YLNSSLYRGTKFIIKKYAS
3699,NMGDELRLIHYSYDVNRTEKG
3700,TVHTNGIAHRTELR
3701,AAASSPDAHVPF
3702,EMGPDGHQMEYEEQG
3703,GKKKDEPNQPSTPE
3704,TIVMGASFRNTGEIK
3705,FFSPGFNDGGKNTAPLTL
3706,YNRNIVNRLLGDALNGKPEEK
3707,KSVSFYTRKDGQ
3708,VQTRHVVQHRSRSESSIESF
3709,RVASNPYTWFTMEAL
3710,SVELIDIGGNRRIFGFNALVD
3711,KAAESEIEKLTTK
3712,KAGETIYDIDEDGTITKKD
3713,AKKQVEKALEEANSKLAALE
3714,TEYYLNHGKWPEN
3715,ATELNNALQNLARTISEAGQAMAS
3716,ATEKSNVVRGWV
3717,SIVDKLNRSGGNYTK
3718,AHYNIVTFCCKCDSTLRLCV
3719,MAEELVLERCDLELE
3720,GPNICTTRGVSSC
3721,AAPSTLTARENP
3722,TNDDGFYVSSYVADNGERRYLA
3723,PRKQCSKEDGGGWWY
3724,AANNAANAALTAENTAIKK
3725,FSADAYANNQKIMRN
3726,GEFPRHVKLKNEIENLLDQV
3727,LRQAILCWGELM
3728,GEGAPPAKRARTDQME
3729,TTHGKAYDVDMVDA
3730,VVGHELTHAVT
3731,FVDSIGQSFQNTWEG
3732,EDHRQVVEVTVGLQLI
3733,EPTPPTRTPDQAEPNKPTP
3734,GTLVKTITDDQIEV
3735,GTLVRMAPVIG
3736,TSSEVATEVPFRLMHPQPED
3737,MEGIGYSKVVENNL
3738,FNSPYPKNYPPVVFK
3739,RFDFPDELRPAVVHG
3740,QLNRALSGIAAEQDRNT
3741,SGEQPSDEQPSGEHG
3742,FADGNGDSSTYQYIYNLTICELNG
3743,FKNPHAKKQDVVVLGSQEGAMHT
3744,EDSGSNGKKITCECTKPDS
3745,QDLPGNDNNSTATLC
3746,KCSRLYTACVY
3747,IEQAIGRVTPIF
3748,IHAMDIPPPTG
3749,INFNCEVWSNVSETISGPRLY
3750,KRLEGRSKTWFGAYA
3751,VMIKSLPALNSPTVEEC
3752,PIYGKTISTPSDYM
3753,ITVEELKQLLEQWNLVI
3754,PTRAETREERMERKRREKIE
3755,GVYLLPRRGPRLGVRATRKT
3756,EDGKAAQKKYE
3757,EAVAAANQTEVEMENKVV
3758,DKIDWRESGYVTELKDQGNC
3759,GGPTLVSLHELPAETPYVSSTNVT
3760,LFVKVAPNLTNEYDP
3761,FHSGKHYWEVDVTGKE
3762,QQFNQQAPLNLENTNNGTL
3763,RAFAPKLSETDSPT
3764,YEYLINVIHAFQYV
3765,TLTKEYEDIVLKSHMNRESDD
3766,GRSTNEIELSARDVL
3767,AQVVKDYFTLKGAAAPVAHFQG
3768,KDTLRIAYLTEAKVEKL
3769,VVRFDKLPGFGDSIE
3770,NCSWCHVLQRCS
3771,PPKVVNYEAGEWAEN
3772,VETSRSVFHQNGQVTEVTTATGI
3773,STPPVPPPSVSRRKP
3774,IDSEEELINKKR
3775,AGLAASAIHWSGILGVM
3776,NALTQPVDQLLK
3777,KFDVPCGGRDCSGGCQCY
3778,SKRGNAKCGPNGTCIV
3779,SYSYNKDNNELSHFA
3780,VSKDDSIISSLDVTD
3781,YLPPLEKLPHEKHHNQPYCGI
3782,FGEEGLTLNLEDVQP
3783,FFPFISRGKELLWGK
3784,VASHVRVNVYLSAINLECFA
3785,LFDLDEDDEDTKPVP
3786,EASFNLNAINRCPLP
3787,EAQVKIWRRSYDVPP
3788,KKDLKESMKCGMWGRA
3789,ETKAFLKAGDADGDG
3790,ENGVDLSVVVEKQEGM
3791,ANNSANNGKKNNAEE
3792,SRVKNLNSSEGVPDLLV
3793,VIDNLPEEVVANSYG
3794,KRYISWCLWWLQYF
3795,AAEESKLPINPLSNSLLRH
3796,GSFLTKGPSKLNDRA
3797,VKVAVCDIPPRGLKM
3798,VLAAVYKALSDHHVY
3799,DLNPLDPLAQQS
3800,KAAASKVKANLLSV
3801,AEGSSSVEYINNWEQAK
3802,NRPTTLTGCKKGKNF
3803,NLSDNGTNGIQHAMY
3804,DGIMHTRCHCGAEI
3805,TIGRLQDEIQNMKEEMARHL
3806,AYLVGLFEDTNLCAI
3807,YHVLRSKGIKPEHIITMMYD
3808,IATRSKVNGQSGRM
3809,EQVLGTSARPAVMPMDAWRE
3810,GEHAYPNATHPWDEDVMPELPYQT
3811,CRFPNITNSHVPILQERPPLENR
3812,GQVELGGGPGAGSLQPL
3813,GQSQQITDSIQTGLH
3814,NEECTKLKGESGYCQ
3815,GRGNGDPGGGMEKDG
3816,SGPLKGILEYTEDEVVSSDFVG
3817,KFVDSTVVASVTIIDRSLP
3818,IVTAGEERAVTT
3819,LTQQVFDAKNMMAAC
3820,LLGLRGEPPELDLSY
3821,HHQIDGGNWFHL
3822,NSLILPPFSLSPVPTLGSRSRRA
3823,PGTNYVGPGNELQAGPPQSAVD
3824,STVKEQLIEKLIEDDENSQC
3825,GSRTLAGAKHPALQ
3826,LGIWTYDGTKVSISPES
3827,PFFRKYFGNDTA
3828,QFFGEGLFEYDLLPF
3829,LCLIGCKPPIGEHWGKGSPC
3830,QIGVFDTSDGYKYFAPANTVND
3831,EKTRTVDASGKR
3832,MTLFLFISCNNSGKD
3833,HHDSLESRRLREEED
3834,WTHCFDPQIQAIVSSPCHNSLIL
3835,QLRHLPSRVRYPHYSLIKPESSL
3836,LNEKFQESQEEIKSL
3837,LNAGYKKCDEYIEAL
3838,WTQVPDPNVPDAFVVIADR
3839,GAIIFQQVMSRS
3840,EPEGIHYHDKFE
3841,ELAKLRAGKASDSQTPDT
3842,IRVLQRFDQRSRQFQ
3843,RPAPPKPTPQP
3844,EGLWQLSPCQEKKGF
3845,NATRAAVEEGIVL
3846,MATLEKLMKAFESLKSF
3847,APGANQEGGAAAPGANQEGGAA
3848,ASSHILALNYAHWHY
3849,SRYCLSSRLRVSATFW
3850,LKTDLELKYKQTADFS
3851,VQAPNYTQHTSSMRGVY
3852,LSQPKIVKWDR
3853,YGVKSSLEDQKIKEKLQPAEIET
3854,MPIQAFLLYQEP
3855,FVKNMNRDSTFIVNK
3856,FGNDDRTNTEPNTKI
3857,FKIIRQEPSDSPMFI
3858,KRADWKKTVETQKSRIHA
3859,AEPWTVRNEDL
3860,AELGGQFHHKSENG
3861,ENSSAMVQVHSQGRE
3862,PVGGQSSFYSDWYSPACGKA
3863,RVHVSKEEQYYDYEDATFE
3864,VAEREAYYLWKQYNP
3865,AFRVDGDSPESRLT
3866,FNRAGTVGENVPDDLYIKGS
3867,FTTVVADTGDFHAID
3868,VYAWERKKISNCVADYSVLYNSTF
3869,LRWAPTGAPADVTDQLIGYTPSL
3870,ADSDINIKTGTTDIGSNTTVK
3871,KQLIAKDPKNKETYEKN
3872,KVVQLPKISKNALKANG
3873,AFSLPDRSLSAIPLFDVSFE
3874,GCVAGDEESYEVFKD
3875,RTTTASGKLVT
3876,TEVKAAGQSAPKGTNVSADL
3877,EEVVGEEKLVSEEIVT
3878,LGGWKLQSDPRAYAL
3879,TTVQQQFADAWKPSPVMTVR
3880,KNDVVNSQNKTEKTE
3881,YCWLRRQAALQRRLSAMEKG
3882,VPTNATSLMERL
3883,GPRLYGEMTMQGTRKPRPSGP
3884,ESKVQDIIDLIDH
3885,EDYRFQEGDWPNLKP
3886,EDVRLTQETFAPLKA
3887,REDVTFQVGLNQYL
3888,KNIGAKLVQDVAN
3889,TTVESHGNYSTQVGATQAG
3890,AQNFRNIMHGSDSFFYTFTS
3891,DQKPISNLGNIHASNNIMF
3892,SWLGRQLRIAGKRLE
3893,MASPGSGFWSFGSEDGSGDS
3894,YSCMVCVDRSSLSSWHVLYTP
3895,PEEQVPQLIPPPIIPRAG
3896,NYARTGGQVTAG
3897,KGNQYWRFEDGVLDPDYPRN
3898,DSTEYGLFQINNKIW
3899,SKIYQDAAGAAGGMPG
3900,ELKDLKGYGGVSLPE
3901,LTKSGSTYPVLNVT
3902,YCADVAAEELMNALV
3903,RANDKGSVISLARLTEELKT
3904,STYSMSFTWSWESGK
3905,RYGNVLDVNAIDIE
3906,LDVVCAMIEGAQGALER
3907,FVVDMMERLRISQKWVRVA
3908,NLIESEHSNNNN
3909,GGAAAQSLYIANHAY
3910,RGHTLESAEGRKIFG
3911,YMLRKRRKRLPYFFSDVSLAA
3912,IKVELTGNSTLSSDYAQARA
3913,KINIGSKVNFDPIDKNQIQ
3914,PRNVGGDLDPSSIPDKEQAIS
3915,KASITEIKADKT
3916,STMVKEYRQKIDALKA
3917,PPKCPNTCLANKYRP
3918,FNSISLNNEYTIINCMENN
3919,TGTVASVSIFLRFDQ
3920,GVKGVQRPFTPDWA
3921,DARSVNGEFPRHVKLKNEIE
3922,EYDDPRFLRLLDLAQEGLKEESG
3923,QLINTNGSWHINRTALNCND
3924,LEQTELSVTRET
3925,GNNGHQTINKTAHEIIDA
3926,WGSFPGCRPFQNYFSYET
3927,WGRRLMIGTAAAVVLPGLVG
3928,GNNDNVLDHLTGRSC
3929,RFQEALKKSLKKP
3930,QGAFASPIQLQRRNGSKF
3931,IVEEDAPATEEIDEIE
3932,SADNNNSEYSWT
3933,TEFEERSATISKEWE
3934,AETNRAPFDLAEAE
3935,KGRFTISRDNAKSTLYL
3936,CQQYGSSPQTFG
3937,VFEVQQPFLFVL
3938,VIVEDDDSAIIPCRTTD
3939,LVLAAVCVSLLGASS
3940,PQWYKELNPRETVPTLQVDG
3941,SEIEKLKNKYEVAGIP
3942,CGQPVTRTDDDTVA
3943,QGLRGEEMEEMV
3944,PLDDRFGKALYFLNDMAK
3945,ELAQGYRNFEDFLHE
3946,SSRISIYWTIVKP
3947,TPEYNIALGQRRADAVKGYL
3948,TPAAKVLVEGNTDERGTPEY
3949,PPKRVWAQESGEGNPHGWPHEI
3950,GAYKRHHQVQEG
3951,EQLNNSFTSAFLESQ
3952,VGPPTDQHGNI
3953,LANVYHQINHLKTVL
3954,APLTLCPLNIGSQGSTDY
3955,EALSTLVLNRLKV
3956,PAPRRKFQQVKRL
3957,KQIRDSITEEWS
3958,LGVLEDNKGVVRGDYTAC
3959,QVVGFVTSFVGWIGV
3960,KNAETNPKGKGEVQ
3961,ISSLYNLVKSS
3962,WGPCGQGAILLVNCDRD
3963,SIGVLGYQKTVDHTKVNSKLSLF
3964,TDTRKDINTVTTVAQS
3965,AKEEKNATAKTFGLKQDWDGA
3966,CGADSYEMEEDGVRKC
3967,KRIRLPHIREDDQPS
3968,ALSSQHQARIEIESFYE
3969,LTLWTTPAPSPNCRL
3970,TTPKNPTKRRITPKDVI
3971,TESTFTGEAYSV
3972,GMGVSCTVTREDGTNRR
3973,GEKFIIRRKSNSQSINDDI
3974,ETSEVSTTDKIADITIIIP
3975,TLKRDNTIRSNGKCL
3976,TDATRWQIWDNGTII
3977,DDKEKDPQYRALMGENQDLR
3978,TQLATLRKLCIEGKI
3979,SHRSERERRRDRDRDRD
3980,TANHDSPDAELIEA
3981,LKPIRKKVGIVFQFP
3982,IGGADAETLMDA
3983,KGSGPGYYRLTL
3984,APQQIDISNTRATQSQFD
3985,VKAASKETPPALNK
3986,TKVSNGAFVPNM
3987,TLGASSGYLKGN
3988,CASHLPYIEQGMQLAEQFKQKA
3989,AKNKPTLDFELIKTEAKQPAT
3990,EVPTTKPTEEPTINT
3991,EVPLGVAADANK
3992,FGMLPVPQQPMGPQ
3993,RDGQLTIKAERTEQKDFDGR
3994,TRMQTQINGLNQGVSNAND
3995,FCLFFAFSVAAP
3996,FCLRMARDTNLHLQSGAIAQ
3997,NAGGNAGGNAGGNAGGNAGG
3998,LQSMNIIPRLKLSKY
3999,IRIPKYKNDGIQNYIHNEY
4000,LRGKLKWRPDEEILK
4001,APTIEAITRPIQVA
4002,YGYATLSYADYW
4003,ITGEPLEAYIYFGPV
4004,SARDGIRDAMIGLREEMIEK
4005,QLELTEGMRFDKGYI
4006,PTVHFHYFKLAVQPQVNKEI
4007,LVQLTLQSTNYTCIVCIDRASLST
4008,KKYASGNKDNIVRNNDRVY
4009,GTAPFEIHANRIVGFFSKII
4010,GVTHDQLNNFRAGFVSYMKA
4011,LKMLNRDLEQAYNELSGEAH
4012,YKYSLNNMEENINIL
4013,NSSSFNTTQGWHHPSQRLLF
4014,KCKNDGWAGYWR
4015,WGCSGKLICTT
4016,CNTKCQTPMGAINSS
4017,LSLSRFSWGAEGQRPGFGYG
4018,VGLRTPQRFTDLVKF
4019,PRHGHSQGPWKPWSA
4020,STKDNFNVYKATRPYLAHC
4021,TMKGLDIQKVAGTWY
4022,FRGKELKKSIQPDEA
4023,YYFRGDLGGYNQYTF
4024,DQFFGEHLLESDLFP
4025,GDVTFTEVGYTR
4026,PGSHFCGGTLIHPSF
4027,YNHYFAWEIGGGAPTYKPENNK
4028,YKRGIIDRGQYLQLQELECD
4029,KQVEKDLANLTAELDKVKEEKQ
4030,DSHYDYTICGDSEDMVCTPK
4031,GEIIWTLQDTQEIKQRVVF
4032,SSAVDSGTATAPPD
4033,SSAVVDNKLKI
4034,APKRPGPAGELL
4035,LDKTIDWFHPNNK
4036,LDDGYRPPPFNPRPSP
4037,DVELSLRSSDIA
4038,AYIGLKDRKRPSELRRIAS
4039,RCLQSCQQEPDDLKQKACES
4040,ELGLISIEAASDI
4041,TAGWTFGAGAALQIPFA
4042,DSPGSGNARPNNPDW
4043,ASPSHVGWWSFA
4044,FTDSVRDPKTSEILDIS
4045,QPYPQPQPFPSQQPYLQLQPF
4046,QQKQQQQPSSQVSFQQPLQQY
4047,KFAGRNFRNPLAK
4048,RHKQKIVAPVKQTL
4049,SFRGSAQGIEGS
4050,LQEMPLTALLRNLGKMT
4051,QAIKAKKLNVPQPKFEG
4052,VNTQFYTIKEGMYKALNYQ
4053,ELLEKTVKDKIAKEQENKET
4054,PYGIFVINQKTGEIN
4055,PASKTFTVQKGISSK
4056,PNTKITTNTGRQEST
4057,ALKTELEDTLDSTATQQELR
4058,MQWNSTAFHQTLQDP
4059,LTGISICNPGSSLC
4060,CVCRSCRTMSLQKTVEKLFD
4061,CTWQQWERELQGYD
4062,RAYTYGVIEMPENY
4063,QLVKDKNIDISIKYDPRKDSE
4064,EWKGQVNVNPFDY
4065,NATAMVAQINAVNKPQTVS
4066,CNFNAAGRGTCQTG
4067,ETLEGHLFTRTHDHR
4068,AAPAKKAAPAKKAAA
4069,SHDLQLNDGTVKAICVAGSFKVT
4070,AWGGSGSEAYQGVQQKWDATATEL
4071,VGVIKSIAPASKNL
4072,SNYYSDNEIEQHTAKQPKL
4073,TNVDQDLVGWPAPP
4074,QPLKEQPALNDSRYCL
4075,EGVKYVLNETTNWLWAFLAR
4076,AMMIARFKMFPEVKEKGMAA
4077,KKDGYPVEYDNCAYI
4078,DFNGSFDMNGTITA
4079,DNTSIYYGGLVSPAI
4080,AALGDSLYGAASLNDFGILA
4081,SNFLNCYVSGFHPSDIEVDLLK
4082,NPPVLFSSDFRISGA
4083,MLKIAEELPKEPQGI
4084,TSPFTEEYLLPPK
4085,GRIILSGKPAIIPDREALYQ
4086,HLQQNFSTRYIYD
4087,DRSGAPTYSWGANDTDVFVL
4088,GDDGDDGDEGGDGDE
4089,KSLTALTNKITAWK
4090,SLLTFMIAATYNFAV
4091,SPNVSAKGMELRWFREKVSPAVFV
4092,YGAPEITKDGYKVIKSIK
4093,PPRPTRPTTLPPTPLLT
4094,SENMHIDIYLYTS
4095,EIPDPVEAGEEV
4096,GIIIGKSGVDLP
4097,SKDQFEFALTAV
4098,SQKEVLERTRAELDTVC
4099,SEESAEVATEEV
4100,IYFMQRQDVLDKNH
4101,CAPEPGIPGETRG
4102,RGSRPSWGPTDPRRRSRNLG
4103,DFWATWCGPCKMVAPVLEEI
4104,RYLASLHKKALPTSV
4105,VARVNYDTTESKLRREF
4106,QGVQQKWDATATELNNALQNLART
4107,INVREGIAFRPASKT
4108,EVHHQKLVFFAEDVG
4109,PDMAEEIAALVLAKLGKDA
4110,IPPWEAPKEHKYKA
4111,DRARRLLWWHYNCL
4112,LSSVDINEGALLLPHF
4113,SKVEEVVEEQGSENEE
4114,SKTRAIDACPLDYSILCRMY
4115,SKTNIFWAGDLL
4116,CHHLDKSIKEDVQFADSRI
4117,VPPGYLIQHEEAEE
4118,NLVRDDLPALTSQEI
4119,LTPEDELPALNSQEE
4120,AHWGVLAGIAYFSMVGNWAK
4121,LEVTWGNNEPYKYWP
4122,AHTDFAGAEAAWGATLDTFFG
4123,GGSISYEYEGFGIVGAYGAA
4124,HSLERVCHCLGKWLG
4125,MNVRNFLKEDAMKTKTHYHAM
4126,MSSFLGKWKLSESHNFDAVM
4127,RVEHAVVYYVYSPSR
4128,ITPEKNPQLRDLDIFL
4129,PSPEAHVPPPYVEPTTTQCF
4130,TDAYNQKLSERRAN
4131,MHGDTPTLHEYML
4132,GSPSQDGYWSFF
4133,YLLKYDTAHRA
4134,NNMEENINILKNEGD
4135,QALQELISELDRRCHSSA
4136,TKYLLIYNDNKTVESKSI
4137,NSGILKDFWGDYLQYDKPY
4138,LSSKAVNHIRSVWKDLLEDT
4139,LKIKIASGFGPLITH
4140,ACRNLTILWLHSNVL
4141,PITARIHAHLKAYA
4142,PATGGVKKPHRYRPGT
4143,VCRQGVVDRGWGNGCGLFGK
4144,EPQISPGGLEPPSEKHFRETEV
4145,IGVNQELAYFYPELFRQFYQ
4146,PWNAFPGKVCGSNLL
4147,YGEESSRRGDLAALARRV
4148,VFIADSDGKLNFKEWSVCVG
4149,NGKRVSLSVYLGEFFDIHL
4150,TSEPLNSESEVTDGMIEVQS
4151,LEDGRTLSDYNIQKES
4152,HHAERNGSQSTTSQSN
4153,HHAEMQNPVYLIPETVPYIK
4154,LDAPGGMELSDTNRALQL
4155,EAAASAIQGNVTSIHSLLDEGKQS
4156,DQSIQKSVETIKEDMNVKFF
4157,AHLDETVWERPHEFW
4158,RRLHQWISSECTTP
4159,GFMKQYGECLGDINARD
4160,SQEIVQNESGTEEILE
4161,REFSPRGQHGRRERA
4162,EATPAAEAPASEAPAAEAAP
4163,LQGFSRNTLEAAFNA
4164,EESEDEKRRWGQRDN
4165,DRNTQIYKAQAQTDRESLRNLRG
4166,EDFESCDSITGMNLEA
4167,ICKMEADIHTAEALP
4168,NKPVTDNPVTDRL
4169,PKGQTRTLGSNRERERI
4170,DKLTTREIEQVELLKRIYDKL
4171,DKLKQQRDTLSTQKET
4172,LADGGCSGGAYDIIMC
4173,EGEAAQVEEVRIY
4174,LHAPTGSGKSTKVPAA
4175,KFNKKMHEHSEHFKHKFAEL
4176,TMPTMGTQNTDGYAN
4177,ENSANPPPPDRSLPTP
4178,PDDFTCVKKWEGGGRRV
4179,FTIFKVRMYVGGVEHRLNAA
4180,LARPYIADCPNCGHSR
4181,ELYKEKALSVETEKLLKYLEAV
4182,LFDPIIEDRHGGYKP
4183,LSKSFLEAGGVSK
4184,IWNYNSPDVSESEES
4185,GDLRAYKMVYATNPQTQLSN
4186,WQPIYGSTPVTPTGS
4187,DTQQSIPGNEERFDSYPM
4188,LNRSGGNYTKTDDEA
4189,SHATSSTHNGSHTS
4190,LHSTSSEGNTSP
4191,SVIALGSQEGALHQALAGAI
4192,ENRFYYTAGSSSPTH
4193,VTSTLTSLFRPGASQKIQLV
4194,TQNISGTQVYQDPAIVQPK
4195,KVIDTLTCGFADLMGYIPLV
4196,KVIHDKFEIVE
4197,KVIEQLTKRELEQVKLLADIYE
4198,TGEYLTQKYFNSQRNN
4199,ISTRVRCGRSLQGYP
4200,PNHTPASNMPAGNME
4201,SRCTHLENRDFVTGTQGTTRVT
4202,SIQLIGAGKRFAGLR
4203,SIRLIREGKRFTGLR
4204,VLDTDYKKYLLFCMENSAEP
4205,AAPANDKFTVFEAAFNDAIK
4206,SSFHCCGAKGPDDYRGNVPASCK
4207,AAPPAVVRAPAKPRS
4208,ASVSEGDAVVNAVSQETPA
4209,ESSNNAESSNISQESKLINT
4210,PINAGTELSATGNESG
4211,GKVEYTKYNDDDTFTVKVGD
4212,KAVSAAGVHFKAGGPI
4213,GKICNNPHRILDGIDCTLID
4214,VLPGHQPSNGNMIYSYHTME
4215,CTEKFTFSKNPADTG
4216,DPKSLSKGEIASTFESQNST
4217,KLTPLPEARLLDLSSWFTVG
4218,NPSCPGGLGVTVCWTY
4219,NSQCIRWVTPPTQIV
4220,PLNFRPYVSIPVPEQ
4221,HPHDLDDARRDGRAP
4222,NIERFPNGKKYELDKYTMF
4223,CKVMVHDPHSLA
4224,YYTKDTNNNLTLVPAVVG
4225,VTGSVVCTTAAGNVNIAIGG
4226,STLNKAKSIVGTTASLQYM
4227,KKIQDCYVENGLIS
4228,LTAELKIYSVIQAEINKHL
4229,HVDTSYECDIPIGAGIC
4230,KDRRSTGKSWGK
4231,LNLAQSKNFHLRPR
4232,LLNYIDENKLYLIGSAEYE
4233,LMAPISLQVVHVETHRCNI
4234,LVKKGNSYPKLSKSY
4235,SEEEDEIDGPAGQAEPDRAH
4236,RLRQQWIDVRLRWNPADYGG
4237,LIKRNTTIPTKKSQIF
4238,TDAQRRELEKHSLSRVIC
4239,AIKSEVSLTGAL
4240,PTTMGPKRIGTGDRLINLVQGTYL
4241,YTPVEEKQNGRMIVIVAKKY
4242,KLILAYTPPGARGPQD
4243,PVSLGGDVPNS
4244,PVSGPFGPLPSLAFSAVPAD
4245,PVSMAKTSVDCNMYICGDS
4246,GNNADVKYVIYM
4247,GPPYRYEPEKFT
4248,HYTQMVWGKTKEIGCGSIKY
4249,LKRDMKSAHLLPEH
4250,SRTLGCSWEFIPVDDGWGERPL
4251,SRSTSLSVSLVLVGVVTLYLGAMV
4252,KVAAEQSLITVEGDK
4253,PRSPSSQSSSSGSPPRRPPP
4254,QGGSNPKFENIAEGLRALLA
4255,PYTGSRPTSPSSGSR
4256,PSSGSRPTYPYTGSR
4257,NKNLQEEISDLTEQLGSS
4258,NKNDNKNDNKND
4259,DFAVTHLTKAHLFYDGRV
4260,EDSRVTENTNGL
4261,TVNLVKRLLQNSVVE
4262,VTTNGPPNGKHNDKHTYVEC
4263,YTEPRSVTPEERSVFQPMIL
4264,FVKQFSNISFSRDSP
4265,YRPPNAPILSTLPETT
4266,DGKKWQTYRGNSTG
4267,RMADAVSRKKMDTK
4268,EQQRYLNNFRFIELV
4269,EQQSDLEQERLAKEKLQ
4270,TFRLLHAKNIIRPQL
4271,MPKTRRRPRRSQRKRPPTPW
4272,LDVEQLGIPEQEYSC
4273,ASRNKANDYTTEYSASVKGRFIVS
4274,PMTPGQCNMVVERLGDYLVEQGM
4275,CQASFPNTTLQFEGY
4276,TKYPLLKLLGSTWPTTPPRP
4277,CLIGKQMKALRDGDW
4278,RNGSVTSSGQLSDD
4279,TPDNNQTSPARR
4280,AKGKPDAAKKGVVKAEKSKKKK
4281,KSLSSTEFIPN
4282,GTVTGHPTFNALLDA
4283,HQLDPAFGANSTNPDWDFNP
4284,TTESGKLITDWCCRSC
4285,LPDDFFPKIDDLVR
4286,LPAYQDYTARAQVSE
4287,GKTINKIDIDTEAYT
4288,LSEDRRQVRLGDTQQS
4289,CHGRGTCNYYANAYS
4290,CPAGWISLWKGFS
4291,CNYYSNSYSFWLASLDPKR
4292,PMDTFIVSTNPNTVTSSTPI
4293,RYPSYGLNYYQQKPVALINN
4294,LLHRFWHLKSIG
4295,LGAARGYTFGAC
4296,GHSFWYDMMPESGEKFYP
4297,GGVTEHDGNQIDKNNSTD
4298,GEKFYPTKYLLIYNDNKT
4299,EGSGRYIPRKPFPDF
4300,DYINRWIFVTITNNRLNNS
4301,ILVEGSVTEEVVGEEK
4302,GTSSACIRRSNNSFFSRLN
4303,EGLTATTFEEDGVAA
4304,SEEKFVTMTDLVPGI
4305,KKDVTPKTGKRKRSEQQKDE
4306,YGASSRATGIPDR
4307,QYTSIHHGVVE
4308,STNDNIKDLLDWYSSG
4309,VLVNTFCDSCIPKTFWNLGY
4310,RLREKLQEEMLQREEAE
4311,ENSYEKSMSVV
4312,ENSSLKKHYWNFRNG
4313,IRKSLGEYLKGLENE
4314,CSQNPLAELKCSVKSFE
4315,KFDTKGSAKTIEATLHCYGA
4316,YGDHECGSLLQDTAL
4317,TIWLWNKQKYEAGTYPQT
4318,THRGLRIDRGCAATCPTVK
4319,YISDAFSLDVSEKSGNF
4320,VDLLVGAAAFCSAMYVGDLC
4321,VDYPYRLWHYPCTVN
4322,NLTQHPSAPTMP
4323,YYQSGLSIVMPVGGQSSFYS
4324,VIDLMQTHQHGLVGALLRAA
4325,THLRALFGYSEVRKVILTKR
4326,NKSTLQNRRAAVS
4327,ADKKPEELSVTLVEAYTDVF
4328,YSLRLTPRPVSRFLGNNSIL
4329,TQSVYDDTKNHRESNSNQC
4330,GKLGLITNTIAGVAGLI
4331,CVSPSTAPARAHQMSP
4332,ASQSKAEKDYDAAVK
4333,MEQFIRAFIEIDKDNNELID
4334,AATVLQLPQGTTLPKGFYAE
4335,EVDHTNFKYNYSVIEG
4336,KWFKTNAPNGVDEKIRI
4337,KWEDSTSTLTISADSKKTKD
4338,IAVAGDLFQPER
4339,PSGKKCIAAKKIKQS
4340,IGFIGFHQFNNIAKLVASN
4341,TLGPFYPSRLFDQFF
4342,TLRGQAQAPPRVICT
4343,FYKSLTNDWEDHLAV
4344,KANSSYSGNYPYSILFQKF
4345,HSYSPGEINRVASC
4346,SNISFSRDSPEENVQ
4347,TEADVNPKPIPSQMPTSP
4348,EIAAKAIGKKIHQNNG
4349,TDVVFNSKGIGN
4350,AMVYLGAKDSTRTQI
4351,GMYGGTYLVEKP
4352,IEKTNEKFHQIEK
4353,ITYGACPKYVKQNTLK
4354,FYNQKFKGKATL
4355,YYALDVYAYDVT
4356,RCARQRLRLRRRQRERE
4357,DPSIMAKFTQFAGKDLESIK
4358,SRKKKAAAAIEEEDI
4359,LRWLVGEMHCQKIACVLP
4360,TCPAGQKICFKKWKKG
4361,ANCASILCKCYTTGT
4362,KGYGGVSLPEWVCTT
4363,TEAEGGVYDISNKRR
4364,VDPDGKFVISTRVRC
4365,WLECNQTENFKTILVPENEMVN
4366,SEYVSRMKETQKSIY
4367,ALGALGRFDEAMQDQ
4368,DFEVVTFLKDVLPEF
4369,TSNTSNGPSSNNR
4370,DLLRLSHLKPSSEGLAIVTK
4371,LRPILLPNKSGKKGN
4372,SGGKLVGILTSRNET
4373,VTMRPTSLAQRNEMFF
4374,PSAFFLFCSEYRPKI
4375,SQRTRDIYISR
4376,ELTEEQQRGDEPL
4377,MKLFAFIFICVKSCSLLF
4378,MLNGNPKPEQLNKASEFT
4379,NQNSKYINYRDLYIGEKFI
4380,NQNNFVHDCVNITIKQHTVT
4381,TLTSGSDLDRCTTFDDV
4382,QEQQNLRQCQEYIK
4383,PKARELTDAETKAFL
4384,KRNTNRRPQDVKFPGGGQIVGGVY
4385,CFHQGKEYAPG
4386,GPWSPIDIHHLS
4387,KEIKKVATPKKASKPKK
4388,TNKYSTSPSPTPNSTAQHLVY
4389,KLSEGDLLAEIETDK
4390,TAPENEQTSAPSKTTLL
4391,PITIFQERDPSKIKW
4392,PIYEGYALPHAILRL
4393,TGTEKLIETYFSKNYQDYEY
4394,TGTDLELIQILKDHYNISLDN
4395,NKLLIAFGLVILLVTLPCAS
4396,DAVTPLRIFIVPPPAAEYEQ
4397,DSRGNPTVEVDFTT
4398,INQQLNPKTNKWEDK
4399,INQAIDNINNFINGCSVSY
4400,GKVSLEEFCRGFGLKVWEVR
4401,NGVWVMMDGNEQVEYPLK
4402,FHPTPCIHIPGEVRN
4403,EQVKASKEMGETLLRAVESYLLA
4404,WHLKSIGQLVIE
4405,GQVRRPEMGDQA
4406,GQELKNPQEETLQAFDSHYD
4407,MISPVLILFSSFLCH
4408,DLYLENPEIKIR
4409,QVSLESVDVYFQDVFGTMWC
4410,SLRGRGNTLGLD
4411,SNPQVNVETDSSEKDE
4412,MKKISSVIAIALFGTIA
4413,SNENEWDGYRFKVKY
4414,RQFYQLDAYPSGAWYYVPLG
4415,YDEDENQSPRSFQKKTRHYFIAAV
4416,PNYKVNVYAVTK
4417,NGTLTLSHFGKC
4418,LLADLQHSINKWSVIY
4419,NFSGFTKGTDIADLDAVA
4420,GEPGPAGPQGAPGPAGEEGKRGAR
4421,QGPGAPQGPGAPQGPGAPQGPGAP
4422,LSKLLCVSPMCMMIEPPKLR
4423,YKLNFYFDLLRAKL
4424,TTHYGSLPQKAQGHRPQDE
4425,KKKMKIVVTDDAKKRYKIRLQRFR
4426,KTMIRFGDVGLDLDFSAFDA
4427,GALATYQSEYLAHRRIPP
4428,KIDIDTEAYTENGEW
4429,RAEAAWQFFMSDKPL
4430,TGLRNIPSIQSRG
4431,REQDRKPRNATPAP
4432,GNPGTDGIPGAKG
4433,AHTPYINIYNCEPANP
4434,KLEFFTYSRFDMELTFVVTAN
4435,VSVTDHKKWQFNSPFVP
4436,LLGYSGWCHYCKSSC
4437,PKTYCEELKGTDTGQACQ
4438,PGRRPFTRKELQ
4439,DNESSYSRGFDMTYTE
